Operator,TD,TVD,TotalFluid,TotalProppant,TopPerf,BottomPerf,FluidType,LateralLength,ChokeTopDescription,MaxFlowingPSI,MaxShutinPSI,FlowGas,FlowWater,SurfaceX,SurfaceY,Z_BelowSurface,Isopach,Porosity,TotalGasBCFPerSection,Temperature,Pressure,KOP,FirstProdDate,minLateralSpacing,numOfOffsetLateralSpacingWells,EUR,IP
P,16098,10101,173409.2,6226000,10445,15916,SLKW,4051.5,0.25,4342,6382,4763,278,1715898.32,888532.1794,10420,59,0.0819,75.2214,280.4,8009.190909,1400,2016,2631.552728,1,10500000,4311.304105
P,16927,10088,210602,7260000,10166,15916,SLKW,4590,0.25,4727,6555,3201,222,1715883.96,888527.2382,10420,59,0.0819,75.2214,280.4,8009.190909,4423.5,2016,1308.706458,2,9800000,4174.570115
P,14511,9735,147372.7,4438660,10068,14300,SLKW,3212.25,0.25,4622,4830,7324,105,1620680.257,804820.2348,9732,159,0.12,189.2644,266.64,7328.196,4548,2014,1512.592043,1,13800000,5208.021675
P,15161,9721,167104.9,5415940,10154,14945,SLKW,3635.25,0.21875,4742,4955,7745,263,1620696.417,804820.0705,9732,159,0.12,189.2644,266.64,7328.196,4402,2014,1467.75202,2,14800000,5596.057143
P,15153,9823,169611.9,5419180,10232,14905,SLKW,3570.75,0.25,4869,4963,6974,234,1622558.654,805499.2222,9784,159,0.12,190.2331,267.68,7378.914909,4502,2014,1468.17125,1,12300000,5024.213793
P,16787,9418,437934.5,17072000,9590,16566,SLKW,5166.75,0.40625,3741,4350,11558,724,1608111.325,799118.364,9417,148,0.1179,182.0589,260.34,7023.583841,4430.5,2017,1158.577007,1,9900000,10629.71363
P,17223,9410,453622,17822000,9772,16998,SLKW,5495.25,0.40625,3759,4300,11396,791,1608098.552,799114.9713,9417,148,0.1179,182.0589,260.34,7023.583841,4429,2017,1134.692979,2,8600000,10629.71363
E,20024,10425,274057.3,16136000,10587,19940,GEL,7119,0.3125,5704,5815,8750,864,1677754.454,853191.7178,10047,95,0.1032,74.2817,272.94,7637.318386,1181,2016,1291.893014,1,11700000,9869.91133
E,21594,10478,305436.4,19312000,10240,21075,GEL,8415,0.3125,5874,5915,8711,859,1677748.125,853206.3171,10047,95,0.1032,74.2817,272.94,7637.318386,1181.5,2016,1291.893014,1,13800000,10551.61117
P,19817,12564,369248,9232000,12560,19631,SLKW,5353.5,0.40625,5270,7287,14194,933,1767273.735,844481.3125,12224,115,0.0596,55.1841,316.48,9896.994909,5869,2017,1268.922403,2,14200000,13864.37668
P,19215,12589,311264,4760000,12690,19026,SLKW,4826.25,0.4375,4802,7301,14078,1040,1767287.159,844475.1523,12224,115,0.0596,55.1841,316.48,9896.994909,5870,2017,1268.922403,1,11300000,13740.39376
S,20833,12833,NaN,715000,13100,20600,GEL,5758.5,0.25,8120,8911,9033,528,1914744.051,937159.8589,12539,112,0.105,107,322.78,10241.7982,2719,2017,NaN,0,7200000,9592.954023
P,14423,9806,131738.6,4146960,10362,14245,SLKW,2937,0.25,4683,NaN,6502,234,1622542.457,805495.7506,9784,159,0.12,190.2331,267.68,7378.914909,4498,2014,1467.75202,2,9600000,4648.021018
P,17644,11587,203574,6089760,11950,17540,SLKW,4206.75,0.25,5549,5765,6293,390,1708849.477,824919.823,11442,96,0.0908,78.0193,300.84,9060.503727,5467.5,2014,NaN,0,7800000,5208.021675
P,17366,11529,184862,5604470,11767,16935,SLKW,4098.75,0.25,3884,4093,6295,304,1700074.772,818599.4852,11300,135,0.0915,90.8619,298,8911.590909,5463,2014,NaN,0,7000000,4871.732348
P,16794,11269,184162,6328110,11684,16715,SLKW,3690.75,0.25,4858,5031,7371,319,1700061.819,818595.9561,11300,135,0.0915,90.8619,298,8911.590909,5511.5,2014,NaN,0,9400000,5515.067323
P,15394,10168,182960.9,6219960,10521,15315,SLKW,3513,0.25,5292,5442,8013,351,1661536.523,828409.9751,10163,176,0.11,190.6624,275.26,7752.290205,4851,2015,NaN,0,14700000,5432.507389
P,16062,9510,218387.5,6840000,9780,15845,SLKW,4716.75,0.28125,4994,5182,9538,165,1602711.324,811482.4377,9149,160,0.1,160.6916,254.98,6767.97275,2239,2015,NaN,0,24000000,7868.35468
P,16645,10849,183470.2,5938730,11289,16515,SLKW,3944.25,0.28125,5013,5176,8736,249,1703006.123,849141.712,10840,80,0.1001,72.2968,288.8,8435.490909,5125.5,2015,1293.131264,2,9200000,7224.958949
P,16970,10819,167507.7,6244020,11394,16865,SLKW,4121.25,0.28125,5129,5276,8713,252,1703022.296,849145.2158,10840,80,0.1001,72.2968,288.8,8435.490909,2051,2015,1293.131264,2,10000000,7203.987192
P,17202,10848,178530.5,6936100,11321,17100,SLKW,4326.75,0.28125,5255,5435,10312,230,1702993.18,849138.1819,10840,80,0.1001,72.2968,288.8,8435.490909,4609.5,2015,1330.354795,2,11600000,8155.307389
P,16386,10775,165174.1,5704000,11102,16200,SLKW,3901.5,0.25,3616,3999,5689,213,1692847.773,835613.331,10867,106,0.1005,89.1855,289.34,8463.170205,5324.5,2016,1375.163392,1,10000000,4779.650246
P,16620,9437,665024.3,16794000,9917,16493,SLKW,4939.5,0.40625,3673,4200,11097,732,1609320.055,795864.4486,9472,144,0.1186,178.7068,261.44,7076.445091,4476.5,2017,1295.535493,2,9700000,9337.892282
P,15967,9444,609768.5,14826000,9804,15825,SLKW,4451.25,0.40625,3168,3600,9261,717,1609314.864,795850.3596,9472,144,0.1186,178.7068,261.44,7076.445091,1720,2017,1132.346132,2,10700000,8383.682102
P,16177,9432,633416,15476000,9737,16025,SLKW,4665,0.40625,3548,4000,9088,877,1609325.116,795878.5387,9472,144,0.1186,178.7068,261.44,7076.445091,1765,2017,1170.893272,2,10300000,8927.770115
E,17774,9906,221368.1,13638000,10180,17738,GEL,5589,0.3125,15,5315,7250,105,1678014.269,853734.8218,10031,93,0.1031,74.2817,272.62,7621.508205,4735,2015,1003.968288,1,6600000,7849.929392
E,18982,9888,251462.3,15696000,10240,18950,GEL,6429.75,0.375,4670,5215,6802,114,1678014.365,853745.729,10031,93,0.1031,74.2817,272.62,7621.508205,4811.5,2015,1003.968288,1,5300000,9776.189491
P,16230,10807,164850.6,5924000,11117,16023,SLKW,3647.25,0.25,3775,4043,5876,357,1694710.731,836310.316,10920,101,0.1004,86.6555,290.4,8517.6,5166.5,2016,1308.508694,2,8400000,4513.716256
P,16625,10816,177063.5,6194000,11209,16109,SLKW,3873.75,0.28125,3903,4082,6042,381,1694730.168,836317.425,10920,101,0.1004,86.6555,290.4,8517.6,5210.5,2016,1308.508694,2,7800000,4600.674877
P,16458,10861,97354.93,5188000,11217,16251,SLKW,3744,0.28125,4586,4753,6151,476,1694749.606,836324.5337,10920,101,0.1004,86.6555,290.4,8517.6,5213,2016,1309.988596,1,7500000,4428.401314
P,15534,9625,146951.7,6342560,9954,15355,GEL,4038,0.25,4231,4475,5486,195,1684619.323,884290.4586,9875,66,0.0992,80.956,269.5,7467.96875,4367.5,2015,NaN,0,8300000,4265.235796
S,17726,10081,143163.9,10048000,10230,17546,GEL,5556.75,0.46875,4855,5850,20351,783,1627584.933,821415.9437,9631,166,0.1189,181.3498,264.62,7230.035477,NaN,2015,957.8933127,2,14800000,14594.95501
S,17776,9675,137677.9,9666000,10150,17570,GEL,5593.5,0.5625,3946,4989,21136,1140,1627603.14,821424.0511,9631,166,0.1189,181.3498,264.62,7230.035477,1907.5,2015,841.6933416,2,12700000,15817.93813
S,17688,10081,91482.98,9812000,10260,17510,GEL,5526.75,0.46875,4821,5645,20621,780,1627621.445,821432.2665,9631,166,0.1189,181.3498,264.62,7230.035477,1999.5,2015,973.8196077,1,14000000,14990.69345
S,17700,9696,92228.36,9146000,10176,17494,GEL,5537.25,0.5625,3820,4676,21109,906,1627639.653,821440.4466,9631,166,0.1189,181.3498,264.62,7230.035477,4686,2015,974.1704334,1,13400000,10629.71371
P,16968,10594,214022.1,7032000,10894,16770,SLKW,4411.5,0.3125,4686,6435,9224,158,1699914.376,855177.2179,10620,81,0.1002,79.2294,284.4,8211.190909,5074,2016,1291.35699,2,12300000,7849.929392
P,17091,10564,209328,6704000,10914,16907,SLKW,4507.5,0.3125,4460,6340,8437,462,1699901.434,855173.6887,10620,81,0.1002,79.2294,284.4,8211.190909,5076,2016,1304.480298,2,9200000,7342.775041
P,17230,9384,711477.1,15972000,10127,17116,SLKW,6104.25,0.375,4349,4700,10038,902,1606290.924,795767.8543,9400,145,0.1152,176.2762,260,7007.272727,4451.5,2017,1250.236018,1,16100000,11689.02036
P,16836,9407,677642.8,17172000,10143,16474,SLKW,4923,0.40625,3932,4600,7552,1332,1606312.772,795770.1695,9400,145,0.1152,176.2762,260,7007.272727,1720,2017,1132.346132,2,15500000,9854.982923
P,15585,10151,166386.9,5852000,10464,15445,GEL,3816.75,0.25,5455,5657,7316,243,1642212.847,818102.6851,9979,171,0.1206,183.7386,271.58,7570.205477,4893.5,2016,730.44657,2,12100000,6403.238752
P,15255,10194,140874.2,4880000,10603,15095,GEL,3432.75,0.25,4755,5020,7283,295,1644263.37,819984.4593,9979,173,0.12,185.0614,271.58,7570.205477,4916.5,2016,1194.491821,1,11500000,5024.213793
P,14050,10259,115542.2,3862000,10455,13940,GEL,2598,0.25,3846,4093,5735,278,1644282.685,819977.0023,9979,173,0.12,185.0614,271.58,7570.205477,1084.5,2016,1187.032412,1,6600000,4198.021675
P,15265,10241,149747.3,5078000,10548,15095,GEL,3438,0.28125,3859,4103,6265,348,1644302,819969.5453,9979,173,0.12,185.0614,271.58,7570.205477,4959,2016,1187.032412,2,10200000,4934.756979
P,15585,10151,158641.9,5514000,10519,15265,GEL,NaN,0.25,4597,4736,5060,522,1642190.038,818093.0158,9979,171,0.1206,183.7386,271.58,7570.205477,4893.5,2016,730.44657,1,11100000,5546.014122
P,14851,9659,162045.5,5038470,10029,14630,SLKW,3575.25,0.25,3798,3953,6285,278,1624776.121,829229.5099,9400,156,0.1009,156.4792,260,7007.272727,4506.5,2015,NaN,0,6200000,3353.632184
P,16857,9998,211962.3,6200000,10609,16660,SLKW,4618.5,0.25,4854,6646,4169,510,1713546.357,886835.7228,10400,60,0.0848,75.819,280,7989.090909,4784.5,2016,1324.851742,1,9100000,4800.262069
P,15979,10080,200082.3,8284000,10398,15817,SLKW,3988.5,0.25,4556,6566,4291,532,1713564.394,886848.7063,10400,60,0.0848,75.819,280,7989.090909,4782.5,2016,1324.851742,2,7400000,3913.974384
S,17256,9766,146293.3,10380000,9865,17075,GEL,5485.5,0.28125,5352,NaN,5900,686,1616260.502,817218.0408,9500,167,0.1123,179.6027,262,7103.409091,1484,2015,907.8579404,2,15200000,11850.17931
S,17474,9787,145762.3,10224000,9768,17287,GEL,5721,0.28125,5404,NaN,6127,683,1616323.385,817224.4471,9500,167,0.1136,179.6027,262,7103.409091,4544,2015,982.4183283,2,18300000,11607.94253
S,17378,9757,156512.1,10908000,9740,17195,GEL,5508.75,0.28125,5479,NaN,6759,724,1616350.589,817233.4749,9500,167,0.1136,179.6027,262,7103.409091,1814.5,2015,982.4183283,2,17400000,12092.30593
P,16691,10909,164607.7,6062000,11266,16567,SLKW,3825.75,0.25,4333,4625,6307,466,1697698.342,837492.5116,10980,99,0.1003,80.4605,291.6,8579.372727,5276.5,2016,2609.584305,1,7000000,4521.983908
P,15768,10108,187475.7,6284060,10242,15645,SLKW,4091.25,0.25,5226,5413,9406,207,1664852.099,844860.9731,9873,130,0.1069,124.1206,269.46,7466.007477,4367,2015,1216.197174,1,14600000,6611.197044
P,15637,10064,164636.3,5805940,10456,15490,GEL,3766.5,0.21875,4408,4575,5925,385,1718628.598,891086.3324,10457,58,0.0797,75.182,281.14,8046.423841,4992.5,2015,1298.910076,1,7100000,3591.641379
P,15704,10084,173022.8,5953000,10459,15560,GEL,3883.5,0.21875,4505,4639,6866,296,1718643.821,891086.2135,10457,58,0.0797,75.182,281.14,8046.423841,4839,2015,1298.910076,2,7300000,3669.646305
P,15727,10141,170426.2,5691120,10501,15535,GEL,3829.5,0.21875,4575,4736,5800,204,1718659.044,891086.0951,10457,58,0.0797,75.182,281.14,8046.423841,4996,2015,1345.492756,2,8200000,3709.281773
P,15830,10151,164404.6,5440060,10519,15355,GEL,3971.25,0.25,4109,4231,4817,400,1721327.266,891217.9198,10500,58,0.0788,73.2662,282,8089.772727,1481,2015,1350.922491,2,6600000,3749.345484
P,15571,10176,161568.7,5214447,10558,15355,GEL,3706.5,0.3125,4224,4449,4621,383,1721340.636,891211.7443,10500,58,0.0788,73.2662,282,8089.772727,4465,2015,975.9361436,2,5900000,3591.641379
P,15640,10177,161250.3,5326660,10696,15430,GEL,3686.25,0.3125,4090,4213,5433,384,1721354.038,891205.5685,10500,58,0.0788,73.2662,282,8089.772727,1420,2015,975.9361436,2,7200000,3630.434154
S,17742,9848,137441.5,10606000,9829,17570,GEL,5842.5,0.40625,5276,5508,15256,699,1619479.913,819039.3007,9551,164,0.1141,180.4167,263.02,7152.613659,1534.5,2015,978.5147211,1,16000000,13989.47816
S,16974,9449,129073.7,9724000,9804,16825,GEL,5217,0.40625,4960,5292,11280,1229,1619497.065,819048.2148,9551,164,0.1141,180.4167,263.02,7152.613659,4586,2015,981.7252445,2,10200000,11480.89557
S,17634,9808,134193,10478000,9963,17462,GEL,5712,0.40625,4985,5511,14752,876,1619441.193,819025.5528,9551,164,0.1131,180.4167,263.02,7152.613659,4538.5,2015,978.5147211,2,10200000,11584.49064
S,17034,9470,127976,9734000,9880,16828,GEL,5187.75,0.40625,4491,5870,13178,694,1619460.101,819032.4496,9551,164,0.1131,180.4167,263.02,7152.613659,4541.5,2015,981.7252445,2,9400000,10124.16913
P,16354,10104,196933.6,8202000,10455,16197,SLKW,4302,0.25,4249,6145,3753,569,1713594.116,886870.7236,10400,60,0.0848,75.819,280,7989.090909,4836,2016,1308.706458,2,7400000,3591.641379
P,18206,12621,203331,5858000,12894,18045,SLKW,3911.25,0.1875,7115,7379,9376,184,1770236.753,842757.8935,12349,116,0.0566,55.3496,318.98,10033.28184,5916.5,2015,2745.700244,1,13800000,6674.577011
E,18582,10168,206915.6,11538000,10626,18521,GEL,5858.25,0.3125,5371,5702,9898,1001,1689388.148,859472.1492,10300,88,0.1009,86.4267,278,7888.863636,3690,2015,NaN,0,8900000,9410.116913
E,18629,10540,183265.5,11552000,10626,18521,GEL,5924.25,0.3125,5677,6332,10096,53,1689404.286,859472.0118,10300,88,0.1009,86.4267,278,7888.863636,3703,2015,NaN,0,7300000,9869.91133
P,15246,10211,151578.6,5126660,10553,15045,GEL,3412.5,0.3125,4299,4499,5006,480,1722800.34,891356.0406,10528,58,0.0785,73.2662,282.56,8118.045091,4877,2015,989.2650647,2,7300000,3913.974384
P,15230,10192,158650.7,5390480,10561,14980,GEL,3396.75,0.3125,4904,5035,5855,395,1722814.66,891355.9303,10528,58,0.0785,73.2662,282.56,8118.045091,4878.5,2015,975.5792882,2,8000000,4085.832184
P,15832,10244,168096.2,5911600,10594,15624,GEL,3832.5,0.25,5164,5341,7703,568,1724131.907,891502.3521,10533,57,0.0774,72.3285,282.66,8123.097477,4869,2015,975.5792882,1,7900000,4311.304105
P,14465,9555,288715.9,10962000,9806,14279,SLKW,3372.75,0.375,3755,4389,8992,576,1611818.032,793092.0194,9553,126,0.1188,175.7953,263.06,7154.545659,4511.5,2017,1122.240766,1,14200000,8308.710673
P,17658,9545,468791,18882000,9733,17459,GEL,5697.75,0.375,450,5032,9054,1073,1611847.334,793102.2221,9553,126,0.1188,175.7953,263.06,7154.545659,4512,2017,1137.532646,2,18800000,9592.954023
P,15144,10116,148832.3,5545120,10316,14930,GEL,3425.25,0.25,4978,5139,7515,214,1638382.139,811962.6562,10041,161,0.1173,179.7137,272.82,7631.388205,1116,2015,1414.773488,1,11900000,5853.12775
P,15014,10318,144357.4,4572000,10883,14806,GEL,3015.75,0.28125,3567,3777,6939,252,1646758.095,820468.9315,10022,174,0.1168,185.1502,272.44,7612.620091,4836.5,2016,1333.702127,2,8100000,5255.014778
P,15030,10308,173446.2,6436000,10706,14813,GEL,3166.5,0.28125,4430,4696,7755,227,1646772.125,820473.0879,10022,174,0.1168,185.1502,272.44,7612.620091,4836.5,2016,1333.702127,2,15500000,6519.316256
P,15050,10324,136820.4,4572000,10755,14836,GEL,3114.75,0.28125,4203,4419,6532,208,1646785.117,820480.2357,10022,174,0.1168,185.1502,272.44,7612.620091,4833.5,2016,1333.906138,1,8600000,5069.54844
S,17075,9627,126949.3,10108000,10127,16865,GEL,5217,0.375,4267,4831,12270,585,1624278.263,820872.114,9577,164,0.1173,183.5917,263.54,7177.743841,4591.5,2015,946.0341174,1,8400000,11689.02036
S,17949,9941,144595.6,11378000,10168,17730,GEL,5733.75,0.390625,4478,5380,14613,579,1624297.684,820875.5537,9577,164,0.1173,179.1185,263.54,7177.743841,4634.5,2015,977.2702046,1,8100000,13375.0578
S,17067,9627,174936.5,14648000,10016,16900,GEL,5142,0.625,3373,4498,24914,739,1624317.141,820882.6289,9577,164,0.1173,179.1185,263.54,7177.743841,4634.5,2015,946.0341174,2,10200000,17199.99967
S,18024,9981,196270.8,16698000,9974,17848,GEL,5860.5,0.625,3759,5010,30440,744,1624336.599,820889.7042,9577,164,0.1173,179.1185,263.54,7177.743841,4634,2015,977.2702046,2,11900000,19330.52512
P,15646,10055,173795.3,5827580,10428,15405,GEL,3846.75,0.25,4819,5020,7555,233,1641772.001,823640.635,9851,171,0.1205,184.5047,269.02,7444.445477,1192.5,2016,1321.822014,1,18000000,5646.551724
P,15660,10092,169410.5,5910000,10369,15480,GEL,3716.25,0.25,5602,5782,8976,334,1641788.188,823644.1144,9851,171,0.1205,184.5047,269.02,7444.445477,4740,2016,1296.731973,2,16600000,6122.007225
P,16398,10069,197653.6,6610000,10417,16208,GEL,4362.75,0.28125,4389,4618,7863,348,1641801.181,823651.2605,9851,171,0.1205,184.5047,269.02,7444.445477,1174.84,2016,1296.731973,2,16700000,6519.316256
P,15387,10060,160087.2,5346000,10553,15224,GEL,3588.75,0.75,4577,4813,9337,350,1643881.131,825260.0542,9870,170,0.1192,184.3172,269.4,7463.065909,1385.5,2016,1308.373489,2,13700000,5905.941872
P,15364,10048,159914.9,5556000,10456,15190,GEL,3570.75,0.375,4177,4355,7333,170,1643897.352,825267.17,9870,170,0.1192,184.3172,269.4,7463.065909,4828.5,2016,1268.475539,2,11600000,6177.247619
P,15400,10063,159502.1,5590000,10491,15225,GEL,3595.5,0.375,4366,4540,8466,250,1643910.309,825270.6813,9870,171,0.1192,184.3172,269.4,7463.065909,4832,2016,1268.475539,1,10900000,6415.595355
P,15462,10038,159153.5,5216450,10495,15290,GEL,3703.5,0.25,5056,5321,8056,420,1636127.581,810435.8567,10000,159,0.1195,179.2427,272,7590.909091,1097.5,2015,1547.751504,1,11000000,6122.007225
P,15378,10044,157911.1,5440461,10338,15191,GEL,3708.75,0.25,4376,4587,6607,189,1636143.775,810439.3338,10000,159,0.1195,179.2427,272,7590.909091,1193,2015,1496.029369,2,12000000,5596.057143
P,15450,10069,172004.5,5778540,10325,15163,GEL,3549,0.25,4625,4853,6784,175,1636156.772,810446.4777,10000,159,0.1195,179.2427,272,7590.909091,1333.5,2015,1414.773488,2,12400000,5800.785878
P,17450,10603,224662,7050000,11036,17272,SLKW,4703.25,0.3125,4969,6356,10113,314,1699930.576,855184.3558,10620,81,0.1002,79.2294,284.4,8211.190909,5070,2016,1291.35699,1,15000000,9500.329392
P,15000,10652,148889.5,4734000,10775,14856,GEL,2996.25,0.28125,5512,6955,10025,88,1696464.369,866139.0642,10362,79,0.1001,84.8798,279.24,7950.951,4843,2016,NaN,0,14200000,8971.7422
P,15147,10332,225600.2,8010000,10760,15003,SLKW,3177,0.3125,5773,6927,11751,346,1696477.338,866146.2279,10362,79,0.1001,84.8798,279.24,7950.951,1328,2016,NaN,0,19900000,11480.89557
P,15241,9889,123921,5640000,10300,12510,SLKW,3684,0.25,4221,5735,4574,398,1626088.915,807009.1613,9849,160,0.1201,188.7988,268.98,7442.486386,4690,2018,1183.502132,1,4600000,4085.832184
P,15821,10897,157154,5028420,11233,15661,GEL,3329.25,0.25,5155,5343,6555,344,1704693.521,844623.1239,11000,82,0.1003,71.3059,292,8600,5123,2015,1253.004171,2,6800000,5013.192118
P,15753,10896,152985,5043900,11290,15605,GEL,3216,0.25,4641,4853,6454,432,1704706.466,844626.6542,11000,82,0.1003,71.3059,292,8600,5167.5,2015,1292.525289,1,6500000,5258.145484
P,15678,10909,141896.3,4646500,11276,15505,GEL,3084.75,0.25,4649,4825,6517,243,1704680.547,844615.9576,11000,82,0.1003,71.3059,292,8600,5168.5,2015,1253.004171,2,7700000,4825.471593
P,17940,9579,490761,19270000,9846,17723,,5916.75,0.375,4093,4792,9864,715,1613447.676,793714.6,9600,128,0.1193,175.4669,264,7200,4506.5,2017,1147.47418,2,19500000,10124.16913
P,18050,9624,505346,23154000,9877,17853,,5928,0.375,4505,4867,11142,780,1613461.747,793721.5076,9600,128,0.1193,175.4669,264,7200,4553.5,2017,1177.851217,1,22800000,10878.49327
S,16980,9426,125046.7,9448000,10225,16886,GEL,5128.5,0.5,3326,4937,14944,696,1616866.598,817449.9534,9500,167,0.1136,179.6027,262,7103.409091,4600.5,2015,987.8031839,2,5200000,9943.906732
S,16842,9420,165737.1,26614000,10350,16663,GEL,5094.75,0.5,3707,5240,17796,840,1616886.059,817457.025,9500,167,0.1136,182.852,262,7103.409091,4507,2015,987.8031839,2,8900000,12559.93727
P,17752,11994,306112,10406000,12348,17642,SLKW,3868.5,0.21875,7389,7680,5381,559,1752937.281,830981.661,12219,100,0.0638,56.9392,316.38,9891.558205,5934.5,2017,NaN,0,21600000,8039.243678
P,15220,10396,179405,8958000,10720,15076,SLKW,3124.5,0.375,2591,6030,6100,593,1660122.844,810340.1297,10435,148,0.0912,140.7945,280.7,8024.277841,5480,2018,NaN,0,1800000,4549.218719
P,19592,12492,212737.2,8204720,13149,19455,GEL,4836,368.59375,8055,8231,5638,316,1781490.135,840731.0498,12700,120,0.05,55.7452,326,10419.77273,6100,2015,NaN,0,11600000,6842.751067
E,19673,10190,223520.5,14472000,10099,19583,GEL,7064.25,0.375,15,3434,12148,74,1666011.794,846333.8727,9875,122,0.1064,112.133,269.5,7467.96875,4819.5,2015,1003.324982,2,7600000,10860.57537
E,19892,10190,216653.5,14022000,10058,19300,GEL,7316.25,0.375,15,5355,13082,72,1666021.579,846344.6914,9875,122,0.1064,112.133,269.5,7467.96875,4358.5,2015,1003.324982,2,3700000,10744.52447
S,17067,9405,127032,9396000,9834,16827,GEL,5264.25,0.5,3515,5124,16751,648,1616905.519,817464.0967,9500,167,0.1136,182.852,262,7103.409091,4507,2015,949.5750612,2,8900000,11075.69754
P,17430,10617,215620.9,6806000,10915,17240,GEL,4749,368.109375,6678,6811,1978,290,1669867.475,793816.6022,10800,126,0.0856,89.1008,288,8394.545455,4966,2015,1970.752518,1,7500000,7537.397377
S,16754,9306,189705.3,13450000,9610,16601,GEL,5118,0.46875,4238,4631,19162,282,1611484.83,816054.9231,9379,168,0.11,176.6722,259.58,6987.141841,4463,2016,1044.017958,1,14100000,13255.45057
S,16755,9307,192227.6,13508000,9548,16602,GEL,5094,0.4375,4095,4601,16812,286,1611520.881,816069.3093,9379,168,0.11,176.6722,259.58,6987.141841,4226.5,2016,1044.017958,2,15100000,12903.00854
S,16516,9608,109499.8,5722000,9750,16070,GEL,5001.75,0.3125,3826,4196,8363,200,1611465.329,816044.2185,9379,168,0.1088,176.6722,259.58,6987.141841,4461,2016,1024.013915,1,8400000,5959.232512
S,15702,9616,143340.4,11444000,9594,15550,GEL,4325.25,0.4375,4255,4730,17468,216,1611501.959,816061.3983,9379,168,0.11,176.6722,259.58,6987.141841,1246,2016,1024.013915,2,14200000,13864.37668
E,13596,8604,415288.6,18842000,9006,13306,GEL,3415.5,0.59375,3658,4170,17613,2093,1623656.049,889601.8059,8577,82,0.1182,91.4288,243.54,6233.33475,2106.5,2016,NaN,0,13400000,15481.69885
P,19183,12636,315946,12366000,12789,19016,SLKW,4559.25,0.21875,8097,9200,7460,286,1780098.404,834801.296,12771,120,0.0488,55.4135,327.42,10498.63275,6034,2017,1261.086161,1,10800000,9254.387521
P,17903,12398,235318,11432000,12764,14655,SLKW,3994.5,0.21875,7250,NaN,4218,771,1762233.969,843569.5324,12125,106,0.0605,54.6851,314.5,9789.559659,5768.5,2018,NaN,0,8200000,6347.041449
P,18031,10108,396303,17588000,10492,17823,SLKW,5488.5,0.375,4233,5862,9639,695,1671958.697,832835.9425,10300,149,0.1052,142.7965,278,7888.863636,4837.5,2018,NaN,0,5900000,7943.790476
P,18761,11013,389819.2,15358000,11130,18581,SLKW,5784,0.375,4575,7250,12234,487,1698741.572,853110.8069,10666,84,0.1003,80.075,285.32,8257.908091,5099,2016,1583.180928,2,16700000,10754.89261
P,18550,10615,372023,14948000,10930,18351,SLKW,5552.25,0.375,5169,7130,14675,283,1698757.743,853114.309,10666,84,0.1003,80.075,285.32,8257.908091,5100,2016,1333.309806,2,15100000,14360.15764
P,16011,11046,175048,5910000,11151,15809,SLKW,3516,0.25,3690,6885,4373,276,1700796.202,850137.8784,10800,84,0.1002,76.6143,288,8394.545455,5189,2016,1334.874212,1,8300000,4428.401314
P,15953,10814,174972.8,5930000,11063,15758,SLKW,3543,0.28125,4024,6855,6166,252,1700780.06,850138.0112,10800,84,0.1002,76.6143,288,8394.545455,5142.5,2016,1364.673908,1,9100000,5839.99803
S,18809,9572,230915.4,13690000,10119,18651,GEL,6492,0.46875,4665,5172,20424,674,1621641.363,817993.1858,9622,163,0.1179,186.6458,264.44,7221.311,4606.5,2016,967.5987785,2,15000000,14501.27553
S,18920,9575,233738.7,10006000,10232,18764,GEL,6522.75,0.4375,4817,4898,14897,1258,1621660.304,818000.0832,9622,163,0.1179,186.6458,264.44,7221.311,4607,2016,1014.888857,1,12500000,13136.91297
S,16240,9924,163113.4,10946000,10089,16094,GEL,4541.25,0.40625,4022,4421,13341,241,1621679.223,818007.9626,9622,163,0.1179,186.6458,264.44,7221.311,4605,2016,2664.087371,1,7400000,10215.52184
S,18823,9552,227062.4,24752000,10135,18676,GEL,6452.25,0.46875,4503,5012,18737,749,1621622.455,817986.3244,9622,163,0.1179,186.6458,264.44,7221.311,4608.5,2016,967.5987785,2,15000000,13463.73103
P,17800,9359,502075,19950000,9688,17614,SLKW,5806.5,0.40625,3892,4500,10683,827,1608084.306,799109.8488,9417,148,0.1179,182.0589,260.34,7023.583841,2709,2017,1134.692979,2,10100000,9766.854187
P,16442,9793,384334.3,13520000,9827,16228,SLKW,4857.75,0.25,4522,7025,5098,318,1613211.512,783711.6041,9620,112,0.1124,155.2091,264.4,7219.372727,4510,2016,NaN,0,8900000,5887.242504
P,17777,9515,474103.3,19204000,9819,17545,SLKW,5856.75,0.375,4447,4910,9095,973,1611860.327,793107.9403,9553,127,0.1188,175.7953,263.06,7154.545659,4511,2017,1122.240766,2,22200000,10400.70772
P,19148,11125,505169,18878000,11077,19021,SLKW,5910,0.40625,4445,6800,11230,1053,1703397.998,855333.8504,10680,79,0.1001,74.9745,285.6,8272.145455,5116.5,2017,1332.867304,2,7500000,10060.05944
P,19235,11071,488007,11986000,11094,19021,SLKW,5976,0.40625,4943,6955,13685,864,1703411.845,855337.5915,10680,79,0.1001,74.9745,285.6,8272.145455,5114.5,2017,1332.867304,2,7300000,12488.37734
P,18543,12678,336087.1,10066000,13014,18240,SLKW,3869.25,0.21875,8204,9350,7554,189,1780112.776,834801.206,12771,120,0.0488,55.4135,327.42,10498.63275,2082.5,2017,1261.086161,1,7400000,7732.57734
P,18290,10767,315628.8,14188000,10889,18106,SLKW,5457.75,0.375,5232,6455,13725,766,1733594.156,890625.9211,10716,58,0.0796,67.4618,286.32,8308.796727,4986.5,2017,1252.099614,2,4500000,6519.316256
P,16240,10726,345554.8,10978000,10515,16074,SLKW,3993,0.375,4877,5995,12671,696,1733579.222,890625.8136,10716,58,0.0796,67.4618,286.32,8308.796727,4939,2017,1252.099614,1,7000000,12222.91399
L,18398,10686,319015,14409180,11137,18041,SLKW,5178,0.375,5150,5800,10750,1600,1648841,766772,10290,102,0.076,68,277.8,7878.865909,5243,2018,NaN,0,13000000,9650.079803
P,17766,10192,507862.5,14266000,10460,17571,SLKW,5265,0.375,4730,6855,12414,1125,1639397.081,775290.0236,10346,116,0.0955,101.1733,278.92,7934.911727,4805.5,2017,NaN,0,9100000,8114.342857
S,17172,9385,144091.1,10274000,10112,17011,GEL,5338.5,0.46875,4271,6273,18651,528,1614455.678,817103.9465,9461,167,0.11,175.6799,261.22,7065.861841,4504.5,2017,982.7360438,2,11700000,8768.810181
S,17740,9747,57243.86,5174000,10234,17577,GEL,5835.75,0.4375,4887,6247,18017,384,1614475.14,817111.017,9461,167,0.11,175.6799,261.22,7065.861841,4504.5,2017,1004.377255,1,7800000,11526.50213
S,17243,9427,146777.1,10288000,10073,17080,GEL,5464.5,0.46875,4338,6271,19584,408,1614494.601,817118.0876,9461,167,0.11,175.6799,261.22,7065.861841,2354,2017,982.7360438,2,14100000,11689.02036
S,17668,9757,145466.3,10782000,10329,17504,GEL,5781.75,0.46875,3238,6244,15378,192,1614510.831,817125.1915,9461,167,0.11,175.6799,261.22,7065.861841,2733.5,2017,907.8579404,2,10900000,9089.611823
S,17155,9643,133120.4,10240000,10107,16866,GEL,5190,0.46875,4513,6248,18922,720,1625675.019,821287.064,9622,165,0.1168,180.412,264.44,7221.311,4627,2017,975.0085281,2,11300000,12559.93727
S,17255,9646,136891.3,10238000,10124,17078,GEL,5194.5,0.46875,4140,6248,18331,600,1625694.476,821294.1399,9622,165,0.1168,180.412,264.44,7221.311,4689.5,2017,841.6933416,2,10500000,11584.49064
S,17115,9653,135165.8,10246000,10111,16943,GEL,5118.75,0.4375,4671,6247,19034,768,1625749.252,821279.0457,9622,165,0.1168,180.412,264.44,7221.311,977,2017,975.0085281,2,12200000,11689.02036
E,20327,10268,320455.6,18986000,9991,20199,GEL,7525.5,0.359375,4779,5065,11448,1080,1667392.765,847859.1618,9874,116,0.106,101.0763,269.48,7466.988091,4675,2017,982.8245468,1,5600000,8950.998686
E,20705,10261,540590.9,18366000,9985,20068,GEL,7866,0.359375,4642,5489,10104,888,1667382.335,847848.4213,9874,116,0.106,101.0763,269.48,7466.988091,4669,2017,982.8245468,2,8600000,8383.682102
E,19520,10174,293677.7,17604000,9870,19278,GEL,6982.5,0.359375,4510,4940,9117,840,1667371.873,847837.6448,9849,117,0.106,101.0763,268.98,7442.486386,4649,2017,1012.172908,2,7000000,7802.350411
E,19845,10195,508747.2,16964000,9869,19277,GEL,7206.75,0.34375,4493,4915,9720,720,1667358.135,847825.2249,9849,117,0.106,101.0763,268.98,7442.486386,NaN,2017,1026.744211,2,7000000,7663.428571
S,16974,9419,133018.5,10462000,9934,16747,GEL,5268,0.34375,4597,5976,11443,216,1617657.41,818310.7935,9527,165,0.1132,182.852,262.54,7129.443841,1829.5,2017,932.8380651,2,10400000,8768.810181
S,17718,9797,142812,11390000,10416,17554,GEL,5825.25,0.34375,4791,5941,12589,168,1617674.691,818316.4699,9527,165,0.1132,182.852,262.54,7129.443841,4485,2017,878.1484562,2,12100000,9766.854187
S,16925,9433,131411.8,10680000,10047,16760,GEL,5161.5,0.375,4377,5986,11906,432,1617693.062,818321.3353,9527,165,0.1132,182.852,262.54,7129.443841,4548,2017,932.8380651,1,9000000,8160.773071
S,17733,9790,143120.3,11398000,10367,17518,GEL,5807.25,0.3125,4904,5946,10726,240,1617712.541,818330.2251,9527,165,0.1132,182.852,262.54,7129.443841,595.5,2017,797.2692681,2,15200000,9943.906732
S,17655,9813,135192.6,10890000,9714,17490,GEL,5850.75,0.375,4640,5953,12588,216,1617731.982,818335.4794,9527,165,0.1132,182.852,262.54,7129.443841,4453,2017,797.2692681,2,10400000,8847.933005
P,19278,10576,378079,20128000,10988,19105,SLKW,6120.75,0.34375,5705,6133,11209,585,1706446.801,866411.8187,10526,73,0.1001,76.9396,282.52,8116.024455,5041,2017,1813.325889,1,15600000,12225.98785
P,19498,10930,379600,19950000,10921,19149,SLKW,6287.25,0.34375,5543,6339,9712,845,1706461.17,866416.7201,10526,73,0.1001,76.9396,282.52,8116.024455,5042,2017,1295.73815,2,8000000,10878.49327
P,20035,10928,509647,21644000,10995,19535,SLKW,6633,0.375,5438,6338,12171,1032,1706474.676,866422.6831,10526,73,0.1001,76.9396,282.52,8116.024455,1759,2017,1295.73815,1,9600000,13255.45057
P,16765,10496,NaN,11612000,10567,16589,SLKW,4480.5,0.375,3361,6088,6878,815,1645432.08,813744.064,10135,165,0.1093,175.2704,274.7,7724.482386,4725,2018,1482.879657,1,4200000,6347.041379
P,19368,10521,346734,19004000,11249,18810,SLKW,5979.75,0.34375,5669,5710,10908,833,1697111.608,852378.9691,10625,88,0.1004,79.1674,284.5,8216.264205,1298.5,2017,1360.070717,1,11600000,11216.30246
P,19267,10540,446814,19848000,11016,19067,SLKW,6086.4825,0.375,5226,5600,9655,1262,1697121.579,852390.0119,10625,88,0.1004,79.1674,284.5,8216.264205,5067.5,2017,1360.070717,2,8300000,10684.80033
P,17466,8974,403006,23784000,8720,17261,SLKW,6406.5,0.375,3771,5205,5407,1417,1583621.098,819019.2929,8588,149,0.0579,98.5749,243.76,6243.476,3944,2017,NaN,0,13100000,9754.309442
P,19298,10574,365507,19648000,11030,19128,SLKW,6064.5,0.34375,5176,5500,8620,868,1697133.325,852401.0039,10625,88,0.1004,79.1674,284.5,8216.264205,5085.5,2017,1380.167108,2,8400000,9337.892282
P,19553,12934,257212.6,15472000,12972,19359,SLKW,4725.75,0.21875,7761,NaN,6684,332,1783353.994,841511.006,12700,120,0.0502,55.8528,326,10419.77273,6060,2018,1449.736939,1,8400000,6637.497537
P,19365,12939,294062,14054000,13140,19208,SLKW,4443,0.3125,6694,7504,11381,562,1783369.01,841510.9858,12700,120,0.0502,55.8528,326,10419.77273,6106.5,2018,1449.736939,1,8000000,10878.49327
P,17445,10504,353051,11480000,10661,17045,SLKW,4916.25,0.375,3489,6092,6732,1019,1645443.042,813754.939,10135,165,0.1093,175.2704,274.7,7724.482386,4878.5,2018,1482.879657,1,3700000,5887.242365
E,18714,12992,259158,12946000,13007,18462,SLKW,4074.75,0.3125,6146,7536,8795,944,1788561.006,842369.9879,12821,122,0.0505,55.8265,328.42,10554.30548,6215.5,2018,1461.914064,1,4200000,8222.749754
E,17713,13000,206504,10434000,13142,17550,SLKW,3324,0.3125,5349,6503,7456,880,1788575.989,842370.0058,12821,122,0.0505,55.8265,328.42,10554.30548,6074.5,2018,1461.914064,1,3200000,7196.39376
P,17220,11085,265675,14286000,11130,17044,SLKW,4458.75,0.40625,3284,6429,6734,1285,1704796.391,855822.3983,10679,78,0.1001,74.9745,285.58,8271.128205,5018,2018,1505.132294,2,3500000,6818.799015
P,17145,11090,307374,13280000,11143,16964,SLKW,4336.5,0.34375,4911,6432,6756,1284,1704809.86,855827.3428,10679,78,0.1001,74.9745,285.58,8271.128205,5060,2018,1522.039848,1,5400000,8612.680131
E,20135,11632,NaN,NaN,11670,19993,,6242.25,0.375,3969,5299,8917,600,1715190.479,839934.518,11300,77,0.0839,56.7198,298,8911.590909,5513,2018,445.3973868,1,5300000,7257.544499
E,19807,11550,NaN,NaN,11590,17399,,5998.5,0.375,4370,6342,8561,420,1715196.831,839920.9428,11300,77,0.0839,56.7198,298,8911.590909,5607.5,2018,445.3973868,2,6400000,7979.653859
E,17720,11613,NaN,NaN,11589,17399,,4521,0.375,2872,4829,6476,588,1715203.183,839907.2948,11300,77,0.0839,56.7198,298,8911.590909,5482.5,2018,556.8690206,1,3000000,4852.10936
S,16499,9343,127116.7,9660000,9793,16327,GEL,4927.5,0.28125,4324,4850,7878,120,1612955.01,816734.0877,9400,168,0.11,180.7874,260,7007.272727,4491,2017,1808.519199,2,11900000,10516.1298
P,20421,10814,205848,10578000,10749,16074,SLKW,7116,0.375,4112,6272,9761,753,1733586.625,894050.012,10700,54,0.0742,68.7691,286,8292.5,4947.5,2018,1719.749969,1,7800000,8302.561248
P,19862,10840,422543,24366000,10863,19702,SLKW,6555.75,0.375,4911,6287,11613,714,1733601.847,894049.8991,10700,54,0.0742,68.7691,286,8292.5,5042.5,2018,1654.987743,2,12500000,11963.0936
P,18770,10790,265159,15076000,10878,18609,SLKW,5770.5,0.375,4119,6258,7143,1250,1668618.001,801827.9804,10685,123,0.0804,103.2897,285.7,8277.232386,5064.5,2018,1970.752518,1,4600000,7537.397373
P,17087,10577,251340,12836000,10539,16567,SLKW,4786.5,0.375,3995,6134,7491,1169,1647850,820214.9634,10062,174,0.115,185.1803,273.24,7652.151,2110.18,2018,NaN,0,6000000,6800.346798
P,18046,10545,299850,14742000,10509,17889,SLKW,5426.25,0.375,4501,6116,8504,1241,1650481.999,826853.0155,9971,173,0.1121,189.4856,271.42,7562.323659,4886.5,2018,NaN,0,8200000,9344.025287
E,19933,11230,547853.6,21476000,11316,19823,GEL,6414.75,0.328125,6795,7453,14125,NaN,1743815.783,873721.7422,11021,83,0.1001,58.7077,292.42,8621.678205,5182.5,2018,NaN,0,15400000,13319.86413
P,16807,10416,213991,10324000,10647,16655,SLKW,4507.5,0.28125,4407,6041,4082,784,1666186.967,812596.024,10471,141,0.0918,133.4995,281.42,8060.528205,2225.5,2018,1497.24739,1,3700000,5287.563875
P,16811,10407,406536,12184000,10674,16658,SLKW,4431.75,0.28125,4423,6036,3225,1229,1666209.73,812600.9805,10471,141,0.0918,133.4995,281.42,8060.528205,2229.5,2018,1497.24739,1,3100000,5402.40197
L,19085,12097,328799,13377820,12225,18753,SLKW,4896,0.265625,7425,7650,10500,1000,1689582,758409,12095,94,0.08,68,313.9,9757.091477,5236.5,2018,NaN,0,14800000,10629.71363
S,18011,9998,143057,10042000,10252,17835,GEL,5728.5,0.34375,4705,6222,11232,NaN,1625585.284,821465.9039,9600,164,0.1168,180.412,264,7200,4712.5,2018,936.24795,2,8900000,12897.422
S,17667,9995,142265.6,10876000,10257,17493,GEL,5613,0.34375,4761,6227,11329,336,1625614.106,821475.7214,9600,164,0.1168,180.412,264,7200,637.5,2018,936.24795,2,11500000,12488.37743
S,18000,10050,147165.5,10924000,10226,17809,GEL,5792.25,0.375,4516,6224,13433,240,1625642.034,821486.566,9600,164,0.1168,180.412,264,7200,1916.5,2018,957.8933127,2,14200000,12759.60633
L,19210,12635,81598,2996000,17603,19100,SLKW,1122.75,0.5625,1500,2400,8250,500,1743879.25,797941.26,12721,114,0.0816,66.4641,326.42,10443.07366,NaN,2018,1476.132943,1,4900000,6697.295895
L,19708,12656,331634,13146000,13292,19583,SLKW,4718.25,0.28125,8150,8250,14150,600,1743886.321,797922.0131,12721,114,0.0816,66.4641,326.42,10443.07366,2227.5,2018,1476.132943,1,16300000,12623.26338
P,14847,10415,117964,7974000,10486,14670,SLKW,3105.75,0.375,3272,6041,6338,992,1641259.001,812233.9768,10081,161,0.1112,175.319,273.62,7670.953659,4785,2018,1455.863095,1,3000000,4452.516585
P,14975,10489,134076,8898000,10543,14800,SLKW,3200.25,0.375,3618,6083,9723,969,1641272.987,812239.9857,10081,161,0.1112,175.319,273.62,7670.953659,4833,2018,1455.863095,1,3400000,5700.527422
P,19795,10508,156475,6394000,10915,19432,SLKW,6465,0.34375,6109,NaN,14298,413,1704246.864,865195.0498,10500,75,0.1001,78.8252,282,8089.772727,5073,2018,1835.921705,1,12200000,13904.72217
P,19695,10550,73442,6100000,11049,19345,SLKW,6393.75,0.3125,6119,NaN,11458,320,1704256.892,865197.8769,10500,75,0.1001,78.8252,282,8089.772727,5066.5,2018,1813.325889,2,10200000,11459.90378
