Depth_m,Production_flow_m3s,Injected_water_m3s,Total_flow_m3s,Velocity_m_s,Reynolds,Friction_factor,Pressure_gravity_Pa,Pressure_friction_Pa,Total_pressure_Pa
0,0.000648148,0,0.000648148,0.082524785,350.7303376,0.182476373,0,26.4079313,100000
5,0.000648148,0,0.000648148,0.082524785,350.7303376,0.182476373,41692.5,52.8158626,141718.9079
10,0.000648148,0,0.000648148,0.082524785,350.7303376,0.182476373,83385,79.22379389,183437.8159
15,0.000648148,0,0.000648148,0.082524785,350.7303376,0.182476373,125077.5,105.6317252,225156.7238
20,0.000648148,0,0.000648148,0.082524785,350.7303376,0.182476373,166770,132.0396565,266875.6317
25,0.000648148,0,0.000648148,0.082524785,350.7303376,0.182476373,208462.5,158.4475878,308594.5397
30,0.000648148,0,0.000648148,0.082524785,350.7303376,0.182476373,250155,184.8555191,350313.4476
35,0.000648148,0,0.000648148,0.082524785,350.7303376,0.182476373,291847.5,211.2634504,392032.3555
40,0.000648148,0,0.000648148,0.082524785,350.7303376,0.182476373,333540,237.6713817,433751.2635
45,0.000648148,0,0.000648148,0.082524785,350.7303376,0.182476373,375232.5,264.079313,475470.1714
50,0.000648148,0,0.000648148,0.082524785,350.7303376,0.182476373,416925,290.4872443,517189.0793
55,0.000648148,0,0.000648148,0.082524785,350.7303376,0.182476373,458617.5,316.8951756,558907.9872
60,0.000648148,0,0.000648148,0.082524785,350.7303376,0.182476373,500310,343.3031069,600626.8952
65,0.000648148,0,0.000648148,0.082524785,350.7303376,0.182476373,542002.5,369.7110382,642345.8031
70,0.000648148,0,0.000648148,0.082524785,350.7303376,0.182476373,583695,396.1189695,684064.711
75,0.000648148,0,0.000648148,0.082524785,350.7303376,0.182476373,625387.5,422.5269008,725783.619
80,0.000648148,0,0.000648148,0.082524785,350.7303376,0.182476373,667080,448.9348321,767502.5269
85,0.000648148,0,0.000648148,0.082524785,350.7303376,0.182476373,708772.5,475.3427634,809221.4348
90,0.000648148,0,0.000648148,0.082524785,350.7303376,0.182476373,750465,501.7506947,850940.3428
95,0.000648148,0,0.000648148,0.082524785,350.7303376,0.182476373,792157.5,528.158626,892659.2507
100,0.000648148,0,0.000648148,0.082524785,350.7303376,0.182476373,833850,554.5665573,934378.1586
105,0.000648148,0,0.000648148,0.082524785,350.7303376,0.182476373,875542.5,580.9744886,976097.0666
110,0.000648148,0,0.000648148,0.082524785,350.7303376,0.182476373,917235,607.3824199,1017815.974
115,0.000648148,0,0.000648148,0.082524785,350.7303376,0.182476373,958927.5,633.7903512,1059534.882
120,0.000648148,0,0.000648148,0.082524785,350.7303376,0.182476373,1000620,660.1982825,1101253.79
125,0.000648148,0,0.000648148,0.082524785,350.7303376,0.182476373,1042312.5,686.6062138,1142972.698
130,0.000648148,0,0.000648148,0.082524785,350.7303376,0.182476373,1084005,713.0141451,1184691.606
135,0.000648148,0,0.000648148,0.082524785,350.7303376,0.182476373,1125697.5,739.4220763,1226410.514
140,0.000648148,0,0.000648148,0.082524785,350.7303376,0.182476373,1167390,765.8300076,1268129.422
145,0.000648148,0,0.000648148,0.082524785,350.7303376,0.182476373,1209082.5,792.2379389,1309848.33
150,0.000648148,0,0.000648148,0.082524785,350.7303376,0.182476373,1250775,818.6458702,1351567.238
155,0.000648148,0,0.000648148,0.082524785,350.7303376,0.182476373,1292467.5,845.0538015,1393286.146
160,0.000648148,0,0.000648148,0.082524785,350.7303376,0.182476373,1334160,871.4617328,1435005.054
165,0.000648148,0,0.000648148,0.082524785,350.7303376,0.182476373,1375852.5,897.8696641,1476723.962
170,0.000648148,0,0.000648148,0.082524785,350.7303376,0.182476373,1417545,924.2775954,1518442.87
175,0.000648148,0,0.000648148,0.082524785,350.7303376,0.182476373,1459237.5,950.6855267,1560161.778
180,0.000648148,0,0.000648148,0.082524785,350.7303376,0.182476373,1500930,977.093458,1601880.686
185,0.000648148,0,0.000648148,0.082524785,350.7303376,0.182476373,1542622.5,1003.501389,1643599.593
190,0.000648148,0,0.000648148,0.082524785,350.7303376,0.182476373,1584315,1029.909321,1685318.501
195,0.000648148,0,0.000648148,0.082524785,350.7303376,0.182476373,1626007.5,1056.317252,1727037.409
200,0.000648148,0,0.000648148,0.082524785,350.7303376,0.182476373,1667700,1082.725183,1768756.317
205,0.000648148,0,0.000648148,0.082524785,350.7303376,0.182476373,1709392.5,1109.133115,1810475.225
210,0.000648148,0,0.000648148,0.082524785,350.7303376,0.182476373,1751085,1135.541046,1852194.133
215,0.000648148,0,0.000648148,0.082524785,350.7303376,0.182476373,1792777.5,1161.948977,1893913.041
220,0.000648148,0,0.000648148,0.082524785,350.7303376,0.182476373,1834470,1188.356908,1935631.949
225,0.000648148,0,0.000648148,0.082524785,350.7303376,0.182476373,1876162.5,1214.76484,1977350.857
230,0.000648148,0,0.000648148,0.082524785,350.7303376,0.182476373,1917855,1241.172771,2019069.765
235,0.000648148,0,0.000648148,0.082524785,350.7303376,0.182476373,1959547.5,1267.580702,2060788.673
240,0.000648148,0,0.000648148,0.082524785,350.7303376,0.182476373,2001240,1293.988634,2102507.581
245,0.000648148,0,0.000648148,0.082524785,350.7303376,0.182476373,2042932.5,1320.396565,2144226.489
250,0.000648148,0,0.000648148,0.082524785,350.7303376,0.182476373,2084625,1346.804496,2185945.397
255,0.000648148,0,0.000648148,0.082524785,350.7303376,0.182476373,2126317.5,1373.212428,2227664.304
260,0.000648148,0,0.000648148,0.082524785,350.7303376,0.182476373,2168010,1399.620359,2269383.212
265,0.000648148,0,0.000648148,0.082524785,350.7303376,0.182476373,2209702.5,1426.02829,2311102.12
270,0.000648148,0,0.000648148,0.082524785,350.7303376,0.182476373,2251395,1452.436221,2352821.028
275,0.000648148,0,0.000648148,0.082524785,350.7303376,0.182476373,2293087.5,1478.844153,2394539.936
280,0.000648148,0,0.000648148,0.082524785,350.7303376,0.182476373,2334780,1505.252084,2436258.844
285,0.000648148,0,0.000648148,0.082524785,350.7303376,0.182476373,2376472.5,1531.660015,2477977.752
290,0.000648148,0,0.000648148,0.082524785,350.7303376,0.182476373,2418165,1558.067947,2519696.66
295,0.000648148,0,0.000648148,0.082524785,350.7303376,0.182476373,2459857.5,1584.475878,2561415.568
300,0.000648148,0,0.000648148,0.082524785,350.7303376,0.182476373,2501550,1610.883809,2603134.476
305,0.000648148,0,0.000648148,0.082524785,350.7303376,0.182476373,2543242.5,1637.29174,2644853.384
310,0.000648148,0,0.000648148,0.082524785,350.7303376,0.182476373,2584935,1663.699672,2686572.292
315,0.000648148,0,0.000648148,0.082524785,350.7303376,0.182476373,2626627.5,1690.107603,2728291.2
320,0.000648148,0,0.000648148,0.082524785,350.7303376,0.182476373,2668320,1716.515534,2770010.108
325,0.000648148,0,0.000648148,0.082524785,350.7303376,0.182476373,2710012.5,1742.923466,2811729.016
330,0.000648148,0,0.000648148,0.082524785,350.7303376,0.182476373,2751705,1769.331397,2853447.923
335,0.000648148,0,0.000648148,0.082524785,350.7303376,0.182476373,2793397.5,1795.739328,2895166.831
340,0.000648148,0,0.000648148,0.082524785,350.7303376,0.182476373,2835090,1822.14726,2936885.739
345,0.000648148,0,0.000648148,0.082524785,350.7303376,0.182476373,2876782.5,1848.555191,2978604.647
350,0.000648148,0,0.000648148,0.082524785,350.7303376,0.182476373,2918475,1874.963122,3020323.555
355,0.000648148,0,0.000648148,0.082524785,350.7303376,0.182476373,2960167.5,1901.371053,3062042.463
360,0.000648148,0,0.000648148,0.082524785,350.7303376,0.182476373,3001860,1927.778985,3103761.371
365,0.000648148,0,0.000648148,0.082524785,350.7303376,0.182476373,3043552.5,1954.186916,3145480.279
370,0.000648148,0,0.000648148,0.082524785,350.7303376,0.182476373,3085245,1980.594847,3187199.187
375,0.000648148,0,0.000648148,0.082524785,350.7303376,0.182476373,3126937.5,2007.002779,3228918.095
380,0.000648148,0,0.000648148,0.082524785,350.7303376,0.182476373,3168630,2033.41071,3270637.003
385,0.000648148,0,0.000648148,0.082524785,350.7303376,0.182476373,3210322.5,2059.818641,3312355.911
390,0.000648148,0,0.000648148,0.082524785,350.7303376,0.182476373,3252015,2086.226573,3354074.819
395,0.000648148,0,0.000648148,0.082524785,350.7303376,0.182476373,3293707.5,2112.634504,3395793.727
400,0.000648148,0,0.000648148,0.082524785,350.7303376,0.182476373,3335400,2139.042435,3437512.635
405,0.000648148,0,0.000648148,0.082524785,350.7303376,0.182476373,3377092.5,2165.450366,3479231.542
410,0.000648148,0,0.000648148,0.082524785,350.7303376,0.182476373,3418785,2191.858298,3520950.45
415,0.000648148,0,0.000648148,0.082524785,350.7303376,0.182476373,3460477.5,2218.266229,3562669.358
420,0.000648148,0,0.000648148,0.082524785,350.7303376,0.182476373,3502170,2244.67416,3604388.266
425,0.000648148,0,0.000648148,0.082524785,350.7303376,0.182476373,3543862.5,2271.082092,3646107.174
430,0.000648148,0,0.000648148,0.082524785,350.7303376,0.182476373,3585555,2297.490023,3687826.082
435,0.000648148,0,0.000648148,0.082524785,350.7303376,0.182476373,3627247.5,2323.897954,3729544.99
440,0.000648148,0,0.000648148,0.082524785,350.7303376,0.182476373,3668940,2350.305886,3771263.898
445,0.000648148,0,0.000648148,0.082524785,350.7303376,0.182476373,3710632.5,2376.713817,3812982.806
450,0.000648148,0,0.000648148,0.082524785,350.7303376,0.182476373,3752325,2403.121748,3854701.714
455,0.000648148,0,0.000648148,0.082524785,350.7303376,0.182476373,3794017.5,2429.529679,3896420.622
460,0.000648148,0,0.000648148,0.082524785,350.7303376,0.182476373,3835710,2455.937611,3938139.53
465,0.000648148,0,0.000648148,0.082524785,350.7303376,0.182476373,3877402.5,2482.345542,3979858.438
470,0.000648148,0,0.000648148,0.082524785,350.7303376,0.182476373,3919095,2508.753473,4021577.346
475,0.000648148,0,0.000648148,0.082524785,350.7303376,0.182476373,3960787.5,2535.161405,4063296.253
480,0.000648148,0,0.000648148,0.082524785,350.7303376,0.182476373,4002480,2561.569336,4105015.161
485,0.000648148,0,0.000648148,0.082524785,350.7303376,0.182476373,4044172.5,2587.977267,4146734.069
490,0.000648148,0,0.000648148,0.082524785,350.7303376,0.182476373,4085865,2614.385199,4188452.977
495,0.000648148,0,0.000648148,0.082524785,350.7303376,0.182476373,4127557.5,2640.79313,4230171.885
500,0.000648148,0,0.000648148,0.082524785,350.7303376,0.182476373,4169250,2667.201061,4271890.793
505,0.000648148,0,0.000648148,0.082524785,350.7303376,0.182476373,4210942.5,2693.608992,4313609.701
510,0.000648148,0,0.000648148,0.082524785,350.7303376,0.182476373,4252635,2720.016924,4355328.609
515,0.000648148,0,0.000648148,0.082524785,350.7303376,0.182476373,4294327.5,2746.424855,4397047.517
520,0.000648148,0,0.000648148,0.082524785,350.7303376,0.182476373,4336020,2772.832786,4438766.425
525,0.000648148,0,0.000648148,0.082524785,350.7303376,0.182476373,4377712.5,2799.240718,4480485.333
530,0.000648148,0,0.000648148,0.082524785,350.7303376,0.182476373,4419405,2825.648649,4522204.241
535,0.000648148,0,0.000648148,0.082524785,350.7303376,0.182476373,4461097.5,2852.05658,4563923.149
540,0.000648148,0,0.000648148,0.082524785,350.7303376,0.182476373,4502790,2878.464512,4605642.057
545,0.000648148,0,0.000648148,0.082524785,350.7303376,0.182476373,4544482.5,2904.872443,4647360.965
550,0.000648148,0,0.000648148,0.082524785,350.7303376,0.182476373,4586175,2931.280374,4689079.872
555,0.000648148,0,0.000648148,0.082524785,350.7303376,0.182476373,4627867.5,2957.688305,4730798.78
560,0.000648148,0,0.000648148,0.082524785,350.7303376,0.182476373,4669560,2984.096237,4772517.688
565,0.000648148,0,0.000648148,0.082524785,350.7303376,0.182476373,4711252.5,3010.504168,4814236.596
570,0.000648148,0,0.000648148,0.082524785,350.7303376,0.182476373,4752945,3036.912099,4855955.504
575,0.000648148,0,0.000648148,0.082524785,350.7303376,0.182476373,4794637.5,3063.320031,4897674.412
580,0.000648148,0,0.000648148,0.082524785,350.7303376,0.182476373,4836330,3089.727962,4939393.32
585,0.000648148,0,0.000648148,0.082524785,350.7303376,0.182476373,4878022.5,3116.135893,4981112.228
590,0.000648148,0,0.000648148,0.082524785,350.7303376,0.182476373,4919715,3142.543824,5022831.136
595,0.000648148,0,0.000648148,0.082524785,350.7303376,0.182476373,4961407.5,3168.951756,5064550.044
600,0.000648148,0,0.000648148,0.082524785,350.7303376,0.182476373,5003100,3195.359687,5106268.952
605,0.000648148,0,0.000648148,0.082524785,350.7303376,0.182476373,5044792.5,3221.767618,5147987.86
610,0.000648148,0,0.000648148,0.082524785,350.7303376,0.182476373,5086485,3248.17555,5189706.768
615,0.000648148,0,0.000648148,0.082524785,350.7303376,0.182476373,5128177.5,3274.583481,5231425.676
620,0.000648148,0,0.000648148,0.082524785,350.7303376,0.182476373,5169870,3300.991412,5273144.583
625,0.000648148,0,0.000648148,0.082524785,350.7303376,0.182476373,5211562.5,3327.399344,5314863.491
630,0.000648148,0,0.000648148,0.082524785,350.7303376,0.182476373,5253255,3353.807275,5356582.399
635,0.000648148,0,0.000648148,0.082524785,350.7303376,0.182476373,5294947.5,3380.215206,5398301.307
640,0.000648148,0,0.000648148,0.082524785,350.7303376,0.182476373,5336640,3406.623137,5440020.215
645,0.000648148,0,0.000648148,0.082524785,350.7303376,0.182476373,5378332.5,3433.031069,5481739.123
650,0.000648148,0,0.000648148,0.082524785,350.7303376,0.182476373,5420025,3459.439,5523458.031
655,0.000648148,0,0.000648148,0.082524785,350.7303376,0.182476373,5461717.5,3485.846931,5565176.939
660,0.000648148,0,0.000648148,0.082524785,350.7303376,0.182476373,5503410,3512.254863,5606895.847
665,0.000648148,0,0.000648148,0.082524785,350.7303376,0.182476373,5545102.5,3538.662794,5648614.755
670,0.000648148,0,0.000648148,0.082524785,350.7303376,0.182476373,5586795,3565.070725,5690333.663
675,0.000648148,0,0.000648148,0.082524785,350.7303376,0.182476373,5628487.5,3591.478657,5732052.571
680,0.000648148,0,0.000648148,0.082524785,350.7303376,0.182476373,5670180,3617.886588,5773771.479
685,0.000648148,0,0.000648148,0.082524785,350.7303376,0.182476373,5711872.5,3644.294519,5815490.387
690,0.000648148,0,0.000648148,0.082524785,350.7303376,0.182476373,5753565,3670.70245,5857209.295
695,0.000648148,0,0.000648148,0.082524785,350.7303376,0.182476373,5795257.5,3697.110382,5898928.202
700,0.000648148,0,0.000648148,0.082524785,350.7303376,0.182476373,5836950,3723.518313,5940647.11
705,0.000648148,0,0.000648148,0.082524785,350.7303376,0.182476373,5878642.5,3749.926244,5982366.018
710,0.000648148,0,0.000648148,0.082524785,350.7303376,0.182476373,5920335,3776.334176,6024084.926
715,0.000648148,0,0.000648148,0.082524785,350.7303376,0.182476373,5962027.5,3802.742107,6065803.834
720,0.000648148,0,0.000648148,0.082524785,350.7303376,0.182476373,6003720,3829.150038,6107522.742
725,0.000648148,0,0.000648148,0.082524785,350.7303376,0.182476373,6045412.5,3855.55797,6149241.65
730,0.000648148,0,0.000648148,0.082524785,350.7303376,0.182476373,6087105,3881.965901,6190960.558
735,0.000648148,0,0.000648148,0.082524785,350.7303376,0.182476373,6128797.5,3908.373832,6232679.466
740,0.000648148,0,0.000648148,0.082524785,350.7303376,0.182476373,6170490,3934.781763,6274398.374
745,0.000648148,0,0.000648148,0.082524785,350.7303376,0.182476373,6212182.5,3961.189695,6316117.282
750,0.000648148,0,0.000648148,0.082524785,350.7303376,0.182476373,6253875,3987.597626,6357836.19
755,0.000648148,0,0.000648148,0.082524785,350.7303376,0.182476373,6295567.5,4014.005557,6399555.098
760,0.000648148,0,0.000648148,0.082524785,350.7303376,0.182476373,6337260,4040.413489,6441274.006
765,0.000648148,0,0.000648148,0.082524785,350.7303376,0.182476373,6378952.5,4066.82142,6482992.913
770,0.000648148,0,0.000648148,0.082524785,350.7303376,0.182476373,6420645,4093.229351,6524711.821
775,0.000648148,0,0.000648148,0.082524785,350.7303376,0.182476373,6462337.5,4119.637283,6566430.729
780,0.000648148,0,0.000648148,0.082524785,350.7303376,0.182476373,6504030,4146.045214,6608149.637
785,0.000648148,0,0.000648148,0.082524785,350.7303376,0.182476373,6545722.5,4172.453145,6649868.545
790,0.000648148,0,0.000648148,0.082524785,350.7303376,0.182476373,6587415,4198.861076,6691587.453
795,0.000648148,0,0.000648148,0.082524785,350.7303376,0.182476373,6629107.5,4225.269008,6733306.361
800,0.000648148,0,0.000648148,0.082524785,350.7303376,0.182476373,6670800,4251.676939,6775025.269
805,0.000648148,0,0.000648148,0.082524785,350.7303376,0.182476373,6712492.5,4278.08487,6816744.177
810,0.000648148,0,0.000648148,0.082524785,350.7303376,0.182476373,6754185,4304.492802,6858463.085
815,0.000648148,0,0.000648148,0.082524785,350.7303376,0.182476373,6795877.5,4330.900733,6900181.993
820,0.000648148,0,0.000648148,0.082524785,350.7303376,0.182476373,6837570,4357.308664,6941900.901
825,0.000648148,0,0.000648148,0.082524785,350.7303376,0.182476373,6879262.5,4383.716596,6983619.809
830,0.000648148,0,0.000648148,0.082524785,350.7303376,0.182476373,6920955,4410.124527,7025338.717
835,0.000648148,0,0.000648148,0.082524785,350.7303376,0.182476373,6962647.5,4436.532458,7067057.625
840,0.000648148,0,0.000648148,0.082524785,350.7303376,0.182476373,7004340,4462.940389,7108776.532
845,0.000648148,0,0.000648148,0.082524785,350.7303376,0.182476373,7046032.5,4489.348321,7150495.44
850,0.000648148,0,0.000648148,0.082524785,350.7303376,0.182476373,7087725,4515.756252,7192214.348
855,0.000648148,0,0.000648148,0.082524785,350.7303376,0.182476373,7129417.5,4542.164183,7233933.256
860,0.000648148,0,0.000648148,0.082524785,350.7303376,0.182476373,7171110,4568.572115,7275652.164
865,0.000648148,0,0.000648148,0.082524785,350.7303376,0.182476373,7212802.5,4594.980046,7317371.072
870,0.000648148,0,0.000648148,0.082524785,350.7303376,0.182476373,7254495,4621.387977,7359089.98
875,0.000648148,0,0.000648148,0.082524785,350.7303376,0.182476373,7296187.5,4647.795908,7400808.888
880,0.000648148,0,0.000648148,0.082524785,350.7303376,0.182476373,7337880,4674.20384,7442527.796
885,0.000648148,0,0.000648148,0.082524785,350.7303376,0.182476373,7379572.5,4700.611771,7484246.704
890,0.000648148,0,0.000648148,0.082524785,350.7303376,0.182476373,7421265,4727.019702,7525965.612
895,0.000648148,0,0.000648148,0.082524785,350.7303376,0.182476373,7462957.5,4753.427634,7567684.52
900,0.000648148,0,0.000648148,0.082524785,350.7303376,0.182476373,7504650,4779.835565,7609403.428
905,0.000648148,0,0.000648148,0.082524785,350.7303376,0.182476373,7546342.5,4806.243496,7651122.336
910,0.000648148,0,0.000648148,0.082524785,350.7303376,0.182476373,7588035,4832.651428,7692841.243
915,0.000648148,0,0.000648148,0.082524785,350.7303376,0.182476373,7629727.5,4859.059359,7734560.151
920,0.000648148,0,0.000648148,0.082524785,350.7303376,0.182476373,7671420,4885.46729,7776279.059
925,0.000648148,0,0.000648148,0.082524785,350.7303376,0.182476373,7713112.5,4911.875221,7817997.967
930,0.000648148,0,0.000648148,0.082524785,350.7303376,0.182476373,7754805,4938.283153,7859716.875
935,0.000648148,0,0.000648148,0.082524785,350.7303376,0.182476373,7796497.5,4964.691084,7901435.783
940,0.000648148,0,0.000648148,0.082524785,350.7303376,0.182476373,7838190,4991.099015,7943154.691
945,0.000648148,0,0.000648148,0.082524785,350.7303376,0.182476373,7879882.5,5017.506947,7984873.599
950,0.000648148,0,0.000648148,0.082524785,350.7303376,0.182476373,7921575,5043.914878,8026592.507
955,0.000648148,0,0.000648148,0.082524785,350.7303376,0.182476373,7963267.5,5070.322809,8068311.415
960,0.000648148,0,0.000648148,0.082524785,350.7303376,0.182476373,8004960,5096.730741,8110030.323
965,0.000648148,0,0.000648148,0.082524785,350.7303376,0.182476373,8046652.5,5123.138672,8151749.231
970,0.000648148,0,0.000648148,0.082524785,350.7303376,0.182476373,8088345,5149.546603,8193468.139
975,0.000648148,0,0.000648148,0.082524785,350.7303376,0.182476373,8130037.5,5175.954534,8235187.047
980,0.000648148,0,0.000648148,0.082524785,350.7303376,0.182476373,8171730,5202.362466,8276905.955
985,0.000648148,0,0.000648148,0.082524785,350.7303376,0.182476373,8213422.5,5228.770397,8318624.862
990,0.000648148,0,0.000648148,0.082524785,350.7303376,0.182476373,8255115,5255.178328,8360343.77
995,0.000648148,0,0.000648148,0.082524785,350.7303376,0.182476373,8296807.5,5281.58626,8402062.678
1000,0.000648148,0,0.000648148,0.082524785,350.7303376,0.182476373,8338500,5307.994191,8443781.586
1005,0.000648148,0,0.000648148,0.082524785,350.7303376,0.182476373,8380192.5,5334.402122,8485500.494
1010,0.000648148,0,0.000648148,0.082524785,350.7303376,0.182476373,8421885,5360.810054,8527219.402
1015,0.000648148,0,0.000648148,0.082524785,350.7303376,0.182476373,8463577.5,5387.217985,8568938.31
1020,0.000648148,0,0.000648148,0.082524785,350.7303376,0.182476373,8505270,5413.625916,8610657.218
1025,0.000648148,0,0.000648148,0.082524785,350.7303376,0.182476373,8546962.5,5440.033847,8652376.126
1030,0.000648148,0,0.000648148,0.082524785,350.7303376,0.182476373,8588655,5466.441779,8694095.034
1035,0.000648148,0,0.000648148,0.082524785,350.7303376,0.182476373,8630347.5,5492.84971,8735813.942
1040,0.000648148,0,0.000648148,0.082524785,350.7303376,0.182476373,8672040,5519.257641,8777532.85
1045,0.000648148,0,0.000648148,0.082524785,350.7303376,0.182476373,8713732.5,5545.665573,8819251.758
1050,0.000648148,0,0.000648148,0.082524785,350.7303376,0.182476373,8755425,5572.073504,8860970.666
1055,0.000648148,0,0.000648148,0.082524785,350.7303376,0.182476373,8797117.5,5598.481435,8902689.574
1060,0.000648148,0,0.000648148,0.082524785,350.7303376,0.182476373,8838810,5624.889367,8944408.481
1065,0.000648148,0,0.000648148,0.082524785,350.7303376,0.182476373,8880502.5,5651.297298,8986127.389
1070,0.000648148,0,0.000648148,0.082524785,350.7303376,0.182476373,8922195,5677.705229,9027846.297
1075,0.000648148,0,0.000648148,0.082524785,350.7303376,0.182476373,8963887.5,5704.11316,9069565.205
1080,0.000648148,0,0.000648148,0.082524785,350.7303376,0.182476373,9005580,5730.521092,9111284.113
1085,0.000648148,0,0.000648148,0.082524785,350.7303376,0.182476373,9047272.5,5756.929023,9153003.021
1090,0.000648148,0,0.000648148,0.082524785,350.7303376,0.182476373,9088965,5783.336954,9194721.929
1095,0.000648148,0,0.000648148,0.082524785,350.7303376,0.182476373,9130657.5,5809.744886,9236440.837
1100,0.000648148,0,0.000648148,0.082524785,350.7303376,0.182476373,9172350,5836.152817,9278159.745
1105,0.000648148,0,0.000648148,0.082524785,350.7303376,0.182476373,9214042.5,5862.560748,9319878.653
1110,0.000648148,0,0.000648148,0.082524785,350.7303376,0.182476373,9255735,5888.96868,9361597.561
1115,0.000648148,0,0.000648148,0.082524785,350.7303376,0.182476373,9297427.5,5915.376611,9403316.469
1120,0.000648148,0,0.000648148,0.082524785,350.7303376,0.182476373,9339120,5941.784542,9445035.377
1125,0.000648148,0,0.000648148,0.082524785,350.7303376,0.182476373,9380812.5,5968.192473,9486754.285
1130,0.000648148,0,0.000648148,0.082524785,350.7303376,0.182476373,9422505,5994.600405,9528473.192
1135,0.000648148,0,0.000648148,0.082524785,350.7303376,0.182476373,9464197.5,6021.008336,9570192.1
1140,0.000648148,0,0.000648148,0.082524785,350.7303376,0.182476373,9505890,6047.416267,9611911.008
1145,0.000648148,0,0.000648148,0.082524785,350.7303376,0.182476373,9547582.5,6073.824199,9653629.916
1150,0.000648148,0,0.000648148,0.082524785,350.7303376,0.182476373,9589275,6100.23213,9695348.824
1155,0.000648148,0,0.000648148,0.082524785,350.7303376,0.182476373,9630967.5,6126.640061,9737067.732
1160,0.000648148,0,0.000648148,0.082524785,350.7303376,0.182476373,9672660,6153.047992,9778786.64
1165,0.000648148,0,0.000648148,0.082524785,350.7303376,0.182476373,9714352.5,6179.455924,9820505.548
1170,0.000648148,0,0.000648148,0.082524785,350.7303376,0.182476373,9756045,6205.863855,9862224.456
1175,0.000648148,0,0.000648148,0.082524785,350.7303376,0.182476373,9797737.5,6232.271786,9903943.364
1180,0.000648148,0,0.000648148,0.082524785,350.7303376,0.182476373,9839430,6258.679718,9945662.272
1185,0.000648148,0,0.000648148,0.082524785,350.7303376,0.182476373,9881122.5,6285.087649,9987381.18
1190,0.000648148,0,0.000648148,0.082524785,350.7303376,0.182476373,9922815,6311.49558,10029100.09
1195,0.000648148,0,0.000648148,0.082524785,350.7303376,0.182476373,9964507.5,6337.903512,10070819
1200,0.000648148,0,0.000648148,0.082524785,350.7303376,0.182476373,10006200,6364.311443,10112537.9
1205,0.000648148,0,0.000648148,0.082524785,350.7303376,0.182476373,10047892.5,6390.719374,10154256.81
1210,0.000648148,0,0.000648148,0.082524785,350.7303376,0.182476373,10089585,6417.127305,10195975.72
1215,0.000648148,0,0.000648148,0.082524785,350.7303376,0.182476373,10131277.5,6443.535237,10237694.63
1220,0.000648148,0,0.000648148,0.082524785,350.7303376,0.182476373,10172970,6469.943168,10279413.54
1225,0.000648148,0,0.000648148,0.082524785,350.7303376,0.182476373,10214662.5,6496.351099,10321132.44
1230,0.000648148,0,0.000648148,0.082524785,350.7303376,0.182476373,10256355,6522.759031,10362851.35
1235,0.000648148,0,0.000648148,0.082524785,350.7303376,0.182476373,10298047.5,6549.166962,10404570.26
1240,0.000648148,0,0.000648148,0.082524785,350.7303376,0.182476373,10339740,6575.574893,10446289.17
1245,0.000648148,0,0.000648148,0.082524785,350.7303376,0.182476373,10381432.5,6601.982825,10488008.07
1250,0.000648148,0,0.000648148,0.082524785,350.7303376,0.182476373,10423125,6628.390756,10529726.98
1255,0.000648148,0,0.000648148,0.082524785,350.7303376,0.182476373,10464817.5,6654.798687,10571445.89
1260,0.000648148,0,0.000648148,0.082524785,350.7303376,0.182476373,10506510,6681.206618,10613164.8
1265,0.000648148,0,0.000648148,0.082524785,350.7303376,0.182476373,10548202.5,6707.61455,10654883.71
1270,0.000648148,0,0.000648148,0.082524785,350.7303376,0.182476373,10589895,6734.022481,10696602.61
1275,0.000648148,0,0.000648148,0.082524785,350.7303376,0.182476373,10631587.5,6760.430412,10738321.52
1280,0.000648148,0,0.000648148,0.082524785,350.7303376,0.182476373,10673280,6786.838344,10780040.43
1285,0.000648148,0,0.000648148,0.082524785,350.7303376,0.182476373,10714972.5,6813.246275,10821759.34
1290,0.000648148,0,0.000648148,0.082524785,350.7303376,0.182476373,10756665,6839.654206,10863478.25
1295,0.000648148,0,0.000648148,0.082524785,350.7303376,0.182476373,10798357.5,6866.062138,10905197.15
1300,0.000648148,0,0.000648148,0.082524785,350.7303376,0.182476373,10840050,6892.470069,10946916.06
1305,0.000648148,0,0.000648148,0.082524785,350.7303376,0.182476373,10881742.5,6918.878,10988634.97
1310,0.000648148,0,0.000648148,0.082524785,350.7303376,0.182476373,10923435,6945.285931,11030353.88
1315,0.000648148,0,0.000648148,0.082524785,350.7303376,0.182476373,10965127.5,6971.693863,11072072.79
1320,0.000648148,0,0.000648148,0.082524785,350.7303376,0.182476373,11006820,6998.101794,11113791.69
1325,0.000648148,0,0.000648148,0.082524785,350.7303376,0.182476373,11048512.5,7024.509725,11155510.6
1330,0.000648148,0,0.000648148,0.082524785,350.7303376,0.182476373,11090205,7050.917657,11197229.51
1335,0.000648148,0,0.000648148,0.082524785,350.7303376,0.182476373,11131897.5,7077.325588,11238948.42
1340,0.000648148,0,0.000648148,0.082524785,350.7303376,0.182476373,11173590,7103.733519,11280667.33
1345,0.000648148,0,0.000648148,0.082524785,350.7303376,0.182476373,11215282.5,7130.141451,11322386.23
1350,0.000648148,0,0.000648148,0.082524785,350.7303376,0.182476373,11256975,7156.549382,11364105.14
1355,0.000648148,0,0.000648148,0.082524785,350.7303376,0.182476373,11298667.5,7182.957313,11405824.05
1360,0.000648148,0,0.000648148,0.082524785,350.7303376,0.182476373,11340360,7209.365244,11447542.96
1365,0.000648148,0,0.000648148,0.082524785,350.7303376,0.182476373,11382052.5,7235.773176,11489261.87
1370,0.000648148,0,0.000648148,0.082524785,350.7303376,0.182476373,11423745,7262.181107,11530980.77
1375,0.000648148,0,0.000648148,0.082524785,350.7303376,0.182476373,11465437.5,7288.589038,11572699.68
1380,0.000648148,0,0.000648148,0.082524785,350.7303376,0.182476373,11507130,7314.99697,11614418.59
1385,0.000648148,0,0.000648148,0.082524785,350.7303376,0.182476373,11548822.5,7341.404901,11656137.5
1390,0.000648148,0,0.000648148,0.082524785,350.7303376,0.182476373,11590515,7367.812832,11697856.4
1395,0.000648148,0,0.000648148,0.082524785,350.7303376,0.182476373,11632207.5,7394.220763,11739575.31
1400,0.000648148,0,0.000648148,0.082524785,350.7303376,0.182476373,11673900,7420.628695,11781294.22
1405,0.000648148,0,0.000648148,0.082524785,350.7303376,0.182476373,11715592.5,7447.036626,11823013.13
1410,0.000648148,0,0.000648148,0.082524785,350.7303376,0.182476373,11757285,7473.444557,11864732.04
1415,0.000648148,0,0.000648148,0.082524785,350.7303376,0.182476373,11798977.5,7499.852489,11906450.94
1420,0.000648148,0,0.000648148,0.082524785,350.7303376,0.182476373,11840670,7526.26042,11948169.85
1425,0.000648148,0,0.000648148,0.082524785,350.7303376,0.182476373,11882362.5,7552.668351,11989888.76
1430,0.000648148,0,0.000648148,0.082524785,350.7303376,0.182476373,11924055,7579.076283,12031607.67
1435,0.000648148,0,0.000648148,0.082524785,350.7303376,0.182476373,11965747.5,7605.484214,12073326.58
1440,0.000648148,0,0.000648148,0.082524785,350.7303376,0.182476373,12007440,7631.892145,12115045.48
1445,0.000648148,0,0.000648148,0.082524785,350.7303376,0.182476373,12049132.5,7658.300076,12156764.39
1450,0.000648148,0,0.000648148,0.082524785,350.7303376,0.182476373,12090825,7684.708008,12198483.3
1455,0.000648148,0,0.000648148,0.082524785,350.7303376,0.182476373,12132517.5,7711.115939,12240202.21
1460,0.000648148,0,0.000648148,0.082524785,350.7303376,0.182476373,12174210,7737.52387,12281921.12
1465,0.000648148,0,0.000648148,0.082524785,350.7303376,0.182476373,12215902.5,7763.931802,12323640.02
1470,0.000648148,0,0.000648148,0.082524785,350.7303376,0.182476373,12257595,7790.339733,12365389.25
1475,0.000648148,0,0.000648148,0.082524785,350.7303376,0.182476373,12299287.5,7816.747664,12407199.36
1480,0.000648148,0,0.000648148,0.082524785,350.7303376,0.182476373,12340980,7843.155596,12449069.59
1485,0.000648148,0,0.000648148,0.082524785,350.7303376,0.182476373,12382672.5,7869.563527,12490999.18
1490,0.000648148,0,0.000648148,0.082524785,350.7303376,0.182476373,12424365,7895.971458,12532987.36
1495,0.000648148,0,0.000648148,0.082524785,350.7303376,0.182476373,12466057.5,7922.379389,12575033.38
1500,0.000648148,,,,,,12507750,,12617136.48
1505,0.000648148,0.015,0.015648148,1.992384102,8467.632435,0.033163261,12549442.5,,12659295.92
1510,0.000648148,0.015,0.015648148,1.992384102,8467.632435,0.033163261,12591135,,12701510.95
1515,0.000648148,0.015,0.015648148,1.992384102,8467.632435,0.033163261,12632827.5,,12743780.84
1520,0.000648148,0.015,0.015648148,1.992384102,8467.632435,0.033163261,12674520,,12786104.86
1525,0.000648148,0.015,0.015648148,1.992384102,8467.632435,0.033163261,12716212.5,,12828482.26
1530,0.000648148,0.015,0.015648148,1.992384102,8467.632435,0.033163261,12757905,,12870912.34
1535,0.000648148,0.015,0.015648148,1.992384102,8467.632435,0.033163261,12799597.5,,12913394.36
1540,0.000648148,0.015,0.015648148,1.992384102,8467.632435,0.033163261,12841290,,12955927.61
1545,0.000648148,0.015,0.015648148,1.992384102,8467.632435,0.033163261,12882982.5,,12998511.37
1550,0.000648148,0.015,0.015648148,1.992384102,8467.632435,0.033163261,12924675,,13041144.95
1555,0.000648148,0.015,0.015648148,1.992384102,8467.632435,0.033163261,12966367.5,,13083827.64
1560,0.000648148,0.015,0.015648148,1.992384102,8467.632435,0.033163261,13008060,,13126558.73
1565,0.000648148,0.015,0.015648148,1.992384102,8467.632435,0.033163261,13049752.5,,13169337.54
1570,0.000648148,0.015,0.015648148,1.992384102,8467.632435,0.033163261,13091445,,13212163.38
1575,0.000648148,0.015,0.015648148,1.992384102,8467.632435,0.033163261,13133137.5,,13255035.55
1580,0.000648148,0.015,0.015648148,1.992384102,8467.632435,0.033163261,13174830,,13297953.38
1585,0.000648148,0.015,0.015648148,1.992384102,8467.632435,0.033163261,13216522.5,,13340916.2
1590,0.000648148,0.015,0.015648148,1.992384102,8467.632435,0.033163261,13258215,,13383923.33
1595,0.000648148,0.015,0.015648148,1.992384102,8467.632435,0.033163261,13299907.5,,13426974.1
1600,0.000648148,0.015,0.015648148,1.992384102,8467.632435,0.033163261,13341600,,13470067.85
1605,0.000648148,0.015,0.015648148,1.992384102,8467.632435,0.033163261,13383292.5,,13513203.92
1610,0.000648148,0.015,0.015648148,1.992384102,8467.632435,0.033163261,13424985,,13556381.66
1615,0.000648148,0.015,0.015648148,1.992384102,8467.632435,0.033163261,13466677.5,,13599600.41
1620,0.000648148,0.015,0.015648148,1.992384102,8467.632435,0.033163261,13508370,,13642859.54
1625,0.000648148,0.015,0.015648148,1.992384102,8467.632435,0.033163261,13550062.5,,13686158.4
1630,0.000648148,0.015,0.015648148,1.992384102,8467.632435,0.033163261,13591755,,13729496.35
1635,0.000648148,0.015,0.015648148,1.992384102,8467.632435,0.033163261,13633447.5,,13772872.77
1640,0.000648148,0.015,0.015648148,1.992384102,8467.632435,0.033163261,13675140,,13816287.02
1645,0.000648148,0.015,0.015648148,1.992384102,8467.632435,0.033163261,13716832.5,,13859738.49
1650,0.000648148,0.015,0.015648148,1.992384102,8467.632435,0.033163261,13758525,,13903226.54
1655,0.000648148,0.015,0.015648148,1.992384102,8467.632435,0.033163261,13800217.5,,13946750.58
1660,0.000648148,0.015,0.015648148,1.992384102,8467.632435,0.033163261,13841910,,13990309.99
1665,0.000648148,0.015,0.015648148,1.992384102,8467.632435,0.033163261,13883602.5,,14033904.16
1670,0.000648148,0.015,0.015648148,1.992384102,8467.632435,0.033163261,13925295,,14077532.5
1675,0.000648148,0.015,0.015648148,1.992384102,8467.632435,0.033163261,13966987.5,,14121194.4
1680,0.000648148,0.015,0.015648148,1.992384102,8467.632435,0.033163261,14008680,,14164889.28
1685,0.000648148,0.015,0.015648148,1.992384102,8467.632435,0.033163261,14050372.5,,14208616.54
1690,0.000648148,0.015,0.015648148,1.992384102,8467.632435,0.033163261,14092065,,14252375.61
1695,0.000648148,0.015,0.015648148,1.992384102,8467.632435,0.033163261,14133757.5,,14296165.91
1700,0.000648148,0.015,0.015648148,1.992384102,8467.632435,0.033163261,14175450,,14339986.85
1705,0.000648148,0.015,0.015648148,1.992384102,8467.632435,0.033163261,14217142.5,,14383837.88
1710,0.000648148,0.015,0.015648148,1.992384102,8467.632435,0.033163261,14258835,,14427718.42
1715,0.000648148,0.015,0.015648148,1.992384102,8467.632435,0.033163261,14300527.5,,14471627.92
1720,0.000648148,0.015,0.015648148,1.992384102,8467.632435,0.033163261,14342220,,14515565.82
1725,0.000648148,0.015,0.015648148,1.992384102,8467.632435,0.033163261,14383912.5,,14559531.57
1730,0.000648148,0.015,0.015648148,1.992384102,8467.632435,0.033163261,14425605,,14603524.61
1735,0.000648148,0.015,0.015648148,1.992384102,8467.632435,0.033163261,14467297.5,,14647544.41
1740,0.000648148,0.015,0.015648148,1.992384102,8467.632435,0.033163261,14508990,,14691590.43
1745,0.000648148,0.015,0.015648148,1.992384102,8467.632435,0.033163261,14550682.5,,14735662.14
1750,0.000648148,0.015,0.015648148,1.992384102,8467.632435,0.033163261,14592375,,14779758.99
1755,0.000648148,0.015,0.015648148,1.992384102,8467.632435,0.033163261,14634067.5,,14823880.48
1760,0.000648148,0.015,0.015648148,1.992384102,8467.632435,0.033163261,14675760,,14868026.07
1765,0.000648148,0.015,0.015648148,1.992384102,8467.632435,0.033163261,14717452.5,,14912195.25
1770,0.000648148,0.015,0.015648148,1.992384102,8467.632435,0.033163261,14759145,,14956387.51
1775,0.000648148,0.015,0.015648148,1.992384102,8467.632435,0.033163261,14800837.5,,15000602.34
1780,0.000648148,0.015,0.015648148,1.992384102,8467.632435,0.033163261,14842530,,15044839.24
1785,0.000648148,0.015,0.015648148,1.992384102,8467.632435,0.033163261,14884222.5,,15089097.71
1790,0.000648148,0.015,0.015648148,1.992384102,8467.632435,0.033163261,14925915,,15133377.25
1795,0.000648148,0.015,0.015648148,1.992384102,8467.632435,0.033163261,14967607.5,,15177677.38
1800,0.000648148,0.015,0.015648148,1.992384102,8467.632435,0.033163261,15009300,,15221997.61
1805,0.000648148,0.015,0.015648148,1.992384102,8467.632435,0.033163261,15050992.5,,15266337.45
1810,0.000648148,0.015,0.015648148,1.992384102,8467.632435,0.033163261,15092685,,15310696.44
1815,0.000648148,0.015,0.015648148,1.992384102,8467.632435,0.033163261,15134377.5,,15355074.1
1820,0.000648148,0.015,0.015648148,1.992384102,8467.632435,0.033163261,15176070,,15399469.96
1825,0.000648148,0.015,0.015648148,1.992384102,8467.632435,0.033163261,15217762.5,,15443883.56
1830,0.000648148,0.015,0.015648148,1.992384102,8467.632435,0.033163261,15259455,,15488314.44
1835,0.000648148,0.015,0.015648148,1.992384102,8467.632435,0.033163261,15301147.5,,15532762.15
1840,0.000648148,0.015,0.015648148,1.992384102,8467.632435,0.033163261,15342840,,15577226.23
1845,0.000648148,0.015,0.015648148,1.992384102,8467.632435,0.033163261,15384532.5,,15621706.25
1850,0.000648148,0.015,0.015648148,1.992384102,8467.632435,0.033163261,15426225,,15666201.75
1855,0.000648148,0.015,0.015648148,1.992384102,8467.632435,0.033163261,15467917.5,,15710712.31
1860,0.000648148,0.015,0.015648148,1.992384102,8467.632435,0.033163261,15509610,,15755237.49
1865,0.000648148,0.015,0.015648148,1.992384102,8467.632435,0.033163261,15551302.5,,15799776.87
1870,0.000648148,0.015,0.015648148,1.992384102,8467.632435,0.033163261,15592995,,15844330.01
1875,0.000648148,0.015,0.015648148,1.992384102,8467.632435,0.033163261,15634687.5,,15888896.51
1880,0.000648148,0.015,0.015648148,1.992384102,8467.632435,0.033163261,15676380,,15933475.94
1885,0.000648148,0.015,0.015648148,1.992384102,8467.632435,0.033163261,15718072.5,,15978067.9
1890,0.000648148,0.015,0.015648148,1.992384102,8467.632435,0.033163261,15759765,,16022671.98
1895,0.000648148,0.015,0.015648148,1.992384102,8467.632435,0.033163261,15801457.5,,16067287.79
1900,0.000648148,0.015,0.015648148,1.992384102,8467.632435,0.033163261,15843150,,16111914.92
1905,0.000648148,0.015,0.015648148,1.992384102,8467.632435,0.033163261,15884842.5,,16156552.98
1910,0.000648148,0.015,0.015648148,1.992384102,8467.632435,0.033163261,15926535,,16201201.59
1915,0.000648148,0.015,0.015648148,1.992384102,8467.632435,0.033163261,15968227.5,,16245860.35
1920,0.000648148,0.015,0.015648148,1.992384102,8467.632435,0.033163261,16009920,,16290528.9
1925,0.000648148,0.015,0.015648148,1.992384102,8467.632435,0.033163261,16051612.5,,16335206.86
1930,0.000648148,0.015,0.015648148,1.992384102,8467.632435,0.033163261,16093305,,16379893.86
1935,0.000648148,0.015,0.015648148,1.992384102,8467.632435,0.033163261,16134997.5,,16424589.53
1940,0.000648148,0.015,0.015648148,1.992384102,8467.632435,0.033163261,16176690,,16469293.51
1945,0.000648148,0.015,0.015648148,1.992384102,8467.632435,0.033163261,16218382.5,,16514005.45
1950,0.000648148,0.015,0.015648148,1.992384102,8467.632435,0.033163261,16260075,,16558724.99
1955,0.000648148,0.015,0.015648148,1.992384102,8467.632435,0.033163261,16301767.5,,16603451.79
1960,0.000648148,0.015,0.015648148,1.992384102,8467.632435,0.033163261,16343460,,16648185.5
1965,0.000648148,0.015,0.015648148,1.992384102,8467.632435,0.033163261,16385152.5,,16692925.78
1970,0.000648148,0.015,0.015648148,1.992384102,8467.632435,0.033163261,16426845,,16737672.31
1975,0.000648148,0.015,0.015648148,1.992384102,8467.632435,0.033163261,16468537.5,,16782424.74
1980,0.000648148,0.015,0.015648148,1.992384102,8467.632435,0.033163261,16510230,,16827182.75
1985,0.000648148,0.015,0.015648148,1.992384102,8467.632435,0.033163261,16551922.5,,16871946.03
1990,0.000648148,0.015,0.015648148,1.992384102,8467.632435,0.033163261,16593615,,16916714.26
1995,0.000648148,0.015,0.015648148,1.992384102,8467.632435,0.033163261,16635307.5,,16961487.12
2000,0.000648148,0.015,0.015648148,1.992384102,8467.632435,0.033163261,16677000,,17006264.3
2005,0.000648148,0.015,0.015648148,1.992384102,8467.632435,0.033163261,16718692.5,,17051045.51
2010,0.000648148,0.015,0.015648148,1.992384102,8467.632435,0.033163261,16760385,,17095830.44
2015,0.000648148,0.015,0.015648148,1.992384102,8467.632435,0.033163261,16802077.5,,17140618.8
2020,0.000648148,0.015,0.015648148,1.992384102,8467.632435,0.033163261,16843770,,17185410.31
2025,0.000648148,0.015,0.015648148,1.992384102,8467.632435,0.033163261,16885462.5,,17230204.66
2030,0.000648148,0.015,0.015648148,1.992384102,8467.632435,0.033163261,16927155,,17275001.59
2035,0.000648148,0.015,0.015648148,1.992384102,8467.632435,0.033163261,16968847.5,,17319800.82
2040,0.000648148,0.015,0.015648148,1.992384102,8467.632435,0.033163261,17010540,,17364602.07
2045,0.000648148,0.015,0.015648148,1.992384102,8467.632435,0.033163261,17052232.5,,17409405.08
2050,0.000648148,0.015,0.015648148,1.992384102,8467.632435,0.033163261,17093925,,17454209.58
2055,0.000648148,0.015,0.015648148,1.992384102,8467.632435,0.033163261,17135617.5,,17499015.31
2060,0.000648148,0.015,0.015648148,1.992384102,8467.632435,0.033163261,17177310,,17543822.03
2065,0.000648148,0.015,0.015648148,1.992384102,8467.632435,0.033163261,17219002.5,,17588629.47
2070,0.000648148,0.015,0.015648148,1.992384102,8467.632435,0.033163261,17260695,,17633437.4
2075,0.000648148,0.015,0.015648148,1.992384102,8467.632435,0.033163261,17302387.5,,17678245.58
2080,0.000648148,0.015,0.015648148,1.992384102,8467.632435,0.033163261,17344080,,17723053.76
2085,0.000648148,0.015,0.015648148,1.992384102,8467.632435,0.033163261,17385772.5,,17767861.71
2090,0.000648148,0.015,0.015648148,1.992384102,8467.632435,0.033163261,17427465,,17812669.22
2095,0.000648148,0.015,0.015648148,1.992384102,8467.632435,0.033163261,17469157.5,,17857476.04
2100,0.000648148,0.015,0.015648148,1.992384102,8467.632435,0.033163261,17510850,,17902281.97
2105,0.000648148,0.015,0.015648148,1.992384102,8467.632435,0.033163261,17552542.5,,17947086.79
2110,0.000648148,0.015,0.015648148,1.992384102,8467.632435,0.033163261,17594235,,17991890.29
2115,0.000648148,0.015,0.015648148,1.992384102,8467.632435,0.033163261,17635927.5,,18036692.27
2120,0.000648148,0.015,0.015648148,1.992384102,8467.632435,0.033163261,17677620,,18081492.52
2125,0.000648148,0.015,0.015648148,1.992384102,8467.632435,0.033163261,17719312.5,,18126290.85
2130,0.000648148,0.015,0.015648148,1.992384102,8467.632435,0.033163261,17761005,,18171087.06
2135,0.000648148,0.015,0.015648148,1.992384102,8467.632435,0.033163261,17802697.5,,18215880.97
2140,0.000648148,0.015,0.015648148,1.992384102,8467.632435,0.033163261,17844390,,18260672.39
2145,0.000648148,0.015,0.015648148,1.992384102,8467.632435,0.033163261,17886082.5,,18305461.15
2150,0.000648148,0.015,0.015648148,1.992384102,8467.632435,0.033163261,17927775,,18350247.06
2155,0.000648148,0.015,0.015648148,1.992384102,8467.632435,0.033163261,17969467.5,,18395029.97
2160,0.000648148,0.015,0.015648148,1.992384102,8467.632435,0.033163261,18011160,,18439809.7
2165,0.000648148,0.015,0.015648148,1.992384102,8467.632435,0.033163261,18052852.5,,18484586.1
2170,0.000648148,0.015,0.015648148,1.992384102,8467.632435,0.033163261,18094545,,18529359
2175,0.000648148,0.015,0.015648148,1.992384102,8467.632435,0.033163261,18136237.5,,18574128.26
2180,0.000648148,0.015,0.015648148,1.992384102,8467.632435,0.033163261,18177930,,18618893.72
2185,0.000648148,0.015,0.015648148,1.992384102,8467.632435,0.033163261,18219622.5,,18663655.25
2190,0.000648148,0.015,0.015648148,1.992384102,8467.632435,0.033163261,18261315,,18708412.7
2195,0.000648148,0.015,0.015648148,1.992384102,8467.632435,0.033163261,18303007.5,,18753165.94
2200,0.000648148,0.015,0.015648148,1.992384102,8467.632435,0.033163261,18344700,,18797914.85
2205,0.000648148,0.015,0.015648148,1.992384102,8467.632435,0.033163261,18386392.5,,18842659.28
2210,0.000648148,0.015,0.015648148,1.992384102,8467.632435,0.033163261,18428085,,18887399.13
2215,0.000648148,0.015,0.015648148,1.992384102,8467.632435,0.033163261,18469777.5,,18932134.28
2220,0.000648148,0.015,0.015648148,1.992384102,8467.632435,0.033163261,18511470,,18976864.61
2225,0.000648148,0.015,0.015648148,1.992384102,8467.632435,0.033163261,18553162.5,,19021590.01
2230,0.000648148,0.015,0.015648148,1.992384102,8467.632435,0.033163261,18594855,,19066310.39
2235,0.000648148,0.015,0.015648148,1.992384102,8467.632435,0.033163261,18636547.5,,19111025.65
2240,0.000648148,0.015,0.015648148,1.992384102,8467.632435,0.033163261,18678240,,19155735.68
2245,0.000648148,0.015,0.015648148,1.992384102,8467.632435,0.033163261,18719932.5,,19200440.4
2250,0.000648148,0.015,0.015648148,1.992384102,8467.632435,0.033163261,18761625,,19245139.73
2255,0.000648148,0.015,0.015648148,1.992384102,8467.632435,0.033163261,18803317.5,,19289833.58
2260,0.000648148,0.015,0.015648148,1.992384102,8467.632435,0.033163261,18845010,,19334521.87
2265,0.000648148,0.015,0.015648148,1.992384102,8467.632435,0.033163261,18886702.5,,19379204.54
2270,0.000648148,0.015,0.015648148,1.992384102,8467.632435,0.033163261,18928395,,19423881.51
2275,0.000648148,0.015,0.015648148,1.992384102,8467.632435,0.033163261,18970087.5,,19468552.73
2280,0.000648148,0.015,0.015648148,1.992384102,8467.632435,0.033163261,19011780,,19513218.13
2285,0.000648148,0.015,0.015648148,1.992384102,8467.632435,0.033163261,19053472.5,,19557877.66
2290,0.000648148,0.015,0.015648148,1.992384102,8467.632435,0.033163261,19095165,,19602531.27
2295,0.000648148,0.015,0.015648148,1.992384102,8467.632435,0.033163261,19136857.5,,19647178.91
2300,0.000648148,0.015,0.015648148,1.992384102,8467.632435,0.033163261,19178550,,19691820.54
2305,0.000648148,0.015,0.015648148,1.992384102,8467.632435,0.033163261,19220242.5,,19736456.13
2310,0.000648148,0.015,0.015648148,1.992384102,8467.632435,0.033163261,19261935,,19781085.64
2315,0.000648148,0.015,0.015648148,1.992384102,8467.632435,0.033163261,19303627.5,,19825709.04
2320,0.000648148,0.015,0.015648148,1.992384102,8467.632435,0.033163261,19345320,,19870326.32
2325,0.000648148,0.015,0.015648148,1.992384102,8467.632435,0.033163261,19387012.5,,19914937.45
2330,0.000648148,0.015,0.015648148,1.992384102,8467.632435,0.033163261,19428705,,19959542.42
2335,0.000648148,0.015,0.015648148,1.992384102,8467.632435,0.033163261,19470397.5,,20004141.21
2340,0.000648148,0.015,0.015648148,1.992384102,8467.632435,0.033163261,19512090,,20048733.83
2345,0.000648148,0.015,0.015648148,1.992384102,8467.632435,0.033163261,19553782.5,,20093320.27
2350,0.000648148,0.015,0.015648148,1.992384102,8467.632435,0.033163261,19595475,,20137900.53
2355,0.000648148,0.015,0.015648148,1.992384102,8467.632435,0.033163261,19637167.5,,20182474.62
2360,0.000648148,0.015,0.015648148,1.992384102,8467.632435,0.033163261,19678860,,20227042.56
2365,0.000648148,0.015,0.015648148,1.992384102,8467.632435,0.033163261,19720552.5,,20271604.36
2370,0.000648148,0.015,0.015648148,1.992384102,8467.632435,0.033163261,19762245,,20316160.04
2375,0.000648148,0.015,0.015648148,1.992384102,8467.632435,0.033163261,19803937.5,,20360709.63
2380,0.000648148,0.015,0.015648148,1.992384102,8467.632435,0.033163261,19845630,,20405253.15
2385,0.000648148,0.015,0.015648148,1.992384102,8467.632435,0.033163261,19887322.5,,20449790.65
2390,0.000648148,0.015,0.015648148,1.992384102,8467.632435,0.033163261,19929015,,20494322.15
2395,0.000648148,0.015,0.015648148,1.992384102,8467.632435,0.033163261,19970707.5,,20538847.71
2400,0.000648148,0.015,0.015648148,1.992384102,8467.632435,0.033163261,20012400,,20583367.37
2405,0.000648148,0.015,0.015648148,1.992384102,8467.632435,0.033163261,20054092.5,,20627881.18
2410,0.000648148,0.015,0.015648148,1.992384102,8467.632435,0.033163261,20095785,,20672389.2
2415,0.000648148,0.015,0.015648148,1.992384102,8467.632435,0.033163261,20137477.5,,20716891.49
2420,0.000648148,0.015,0.015648148,1.992384102,8467.632435,0.033163261,20179170,,20761388.12
2425,0.000648148,0.015,0.015648148,1.992384102,8467.632435,0.033163261,20220862.5,,20805879.15
2430,0.000648148,0.015,0.015648148,1.992384102,8467.632435,0.033163261,20262555,,20850364.66
2435,0.000648148,0.015,0.015648148,1.992384102,8467.632435,0.033163261,20304247.5,,20894844.73
2440,0.000648148,0.015,0.015648148,1.992384102,8467.632435,0.033163261,20345940,,20939319.44
2445,0.000648148,0.015,0.015648148,1.992384102,8467.632435,0.033163261,20387632.5,,20983788.88
2450,0.000648148,0.015,0.015648148,1.992384102,8467.632435,0.033163261,20429325,,21028253.15
2455,0.000648148,0.015,0.015648148,1.992384102,8467.632435,0.033163261,20471017.5,,21072712.32
2460,0.000648148,0.015,0.015648148,1.992384102,8467.632435,0.033163261,20512710,,21117166.52
2465,0.000648148,0.015,0.015648148,1.992384102,8467.632435,0.033163261,20554402.5,,21161615.85
2470,0.000648148,0.015,0.015648148,1.992384102,8467.632435,0.033163261,20596095,,21206060.4
2475,0.000648148,0.015,0.015648148,1.992384102,8467.632435,0.033163261,20637787.5,,21250500.31
2480,0.000648148,0.015,0.015648148,1.992384102,8467.632435,0.033163261,20679480,,21294935.68
2485,0.000648148,0.015,0.015648148,1.992384102,8467.632435,0.033163261,20721172.5,,21339366.64
2490,0.000648148,0.015,0.015648148,1.992384102,8467.632435,0.033163261,20762865,,21383793.32
2495,0.000648148,0.015,0.015648148,1.992384102,8467.632435,0.033163261,20804557.5,,21428215.85
2500,0.000648148,0.015,0.015648148,1.992384102,8467.632435,0.033163261,20846250,,21472634.36
2505,0.000648148,0.015,0.015648148,1.992384102,8467.632435,0.033163261,20887942.5,,21517049
2510,0.000648148,0.015,0.015648148,1.992384102,8467.632435,0.033163261,20929635,,21561459.92
2515,0.000648148,0.015,0.015648148,1.992384102,8467.632435,0.033163261,20971327.5,,21605867.25
2520,0.000648148,0.015,0.015648148,1.992384102,8467.632435,0.033163261,21013020,,21650271.17
2525,0.000648148,0.015,0.015648148,1.992384102,8467.632435,0.033163261,21054712.5,,21694671.81
2530,0.000648148,0.015,0.015648148,1.992384102,8467.632435,0.033163261,21096405,,21739069.36
2535,0.000648148,0.015,0.015648148,1.992384102,8467.632435,0.033163261,21138097.5,,21783463.97
2540,0.000648148,0.015,0.015648148,1.992384102,8467.632435,0.033163261,21179790,,21827855.82
2545,0.000648148,0.015,0.015648148,1.992384102,8467.632435,0.033163261,21221482.5,,21872245.08
2550,0.000648148,0.015,0.015648148,1.992384102,8467.632435,0.033163261,21263175,,21916631.94
2555,0.000648148,0.015,0.015648148,1.992384102,8467.632435,0.033163261,21304867.5,,21961016.58
2560,0.000648148,0.015,0.015648148,1.992384102,8467.632435,0.033163261,21346560,,22005399.19
2565,0.000648148,0.015,0.015648148,1.992384102,8467.632435,0.033163261,21388252.5,,22049779.97
2570,0.000648148,0.015,0.015648148,1.992384102,8467.632435,0.033163261,21429945,,22094159.1
2575,0.000648148,0.015,0.015648148,1.992384102,8467.632435,0.033163261,21471637.5,,22138536.81
2580,0.000648148,0.015,0.015648148,1.992384102,8467.632435,0.033163261,21513330,,22182913.28
2585,0.000648148,0.015,0.015648148,1.992384102,8467.632435,0.033163261,21555022.5,,22227288.75
2590,0.000648148,0.015,0.015648148,1.992384102,8467.632435,0.033163261,21596715,,22271663.41
2595,0.000648148,0.015,0.015648148,1.992384102,8467.632435,0.033163261,21638407.5,,22316037.5
2600,0.000648148,0.015,0.015648148,1.992384102,8467.632435,0.033163261,21680100,,22360411.23
2605,0.000648148,0.015,0.015648148,1.992384102,8467.632435,0.033163261,21721792.5,,22404784.85
2610,0.000648148,0.015,0.015648148,1.992384102,8467.632435,0.033163261,21763485,,22449158.57
2615,0.000648148,0.015,0.015648148,1.992384102,8467.632435,0.033163261,21805177.5,,22493532.65
2620,0.000648148,0.015,0.015648148,1.992384102,8467.632435,0.033163261,21846870,,22537907.32
2625,0.000648148,0.015,0.015648148,1.992384102,8467.632435,0.033163261,21888562.5,,22582282.84
2630,0.000648148,0.015,0.015648148,1.992384102,8467.632435,0.033163261,21930255,,22626659.44
2635,0.000648148,0.015,0.015648148,1.992384102,8467.632435,0.033163261,21971947.5,,22671037.4
2640,0.000648148,0.015,0.015648148,1.992384102,8467.632435,0.033163261,22013640,,22715416.97
2645,0.000648148,0.015,0.015648148,1.992384102,8467.632435,0.033163261,22055332.5,,22759798.41
2650,0.000648148,0.015,0.015648148,1.992384102,8467.632435,0.033163261,22097025,,22804182
2655,0.000648148,0.015,0.015648148,1.992384102,8467.632435,0.033163261,22138717.5,,22848568
2660,0.000648148,0.015,0.015648148,1.992384102,8467.632435,0.033163261,22180410,,22892956.71
2665,0.000648148,0.015,0.015648148,1.992384102,8467.632435,0.033163261,22222102.5,,22937348.4
2670,0.000648148,0.015,0.015648148,1.992384102,8467.632435,0.033163261,22263795,,22981743.36
2675,0.000648148,0.015,0.015648148,1.992384102,8467.632435,0.033163261,22305487.5,,23026141.88
2680,0.000648148,0.015,0.015648148,1.992384102,8467.632435,0.033163261,22347180,,23070544.25
2685,0.000648148,0.015,0.015648148,1.992384102,8467.632435,0.033163261,22388872.5,,23114950.79
2690,0.000648148,0.015,0.015648148,1.992384102,8467.632435,0.033163261,22430565,,23159361.78
2695,0.000648148,0.015,0.015648148,1.992384102,8467.632435,0.033163261,22472257.5,,23203777.55
2700,0.000648148,0.015,0.015648148,1.992384102,8467.632435,0.033163261,22513950,,23248198.41
2705,0.000648148,0.015,0.015648148,1.992384102,8467.632435,0.033163261,22555642.5,,23292624.68
2710,0.000648148,0.015,0.015648148,1.992384102,8467.632435,0.033163261,22597335,,23337056.67
2715,0.000648148,0.015,0.015648148,1.992384102,8467.632435,0.033163261,22639027.5,,23381494.72
2720,0.000648148,0.015,0.015648148,1.992384102,8467.632435,0.033163261,22680720,,23425939.15
2725,0.000648148,0.015,0.015648148,1.992384102,8467.632435,0.033163261,22722412.5,,23470390.32
2730,0.000648148,0.015,0.015648148,1.992384102,8467.632435,0.033163261,22764105,,23514848.54
2735,0.000648148,0.015,0.015648148,1.992384102,8467.632435,0.033163261,22805797.5,,23559314.18
2740,0.000648148,0.015,0.015648148,1.992384102,8467.632435,0.033163261,22847490,,23603787.58
2745,0.000648148,0.015,0.015648148,1.992384102,8467.632435,0.033163261,22889182.5,,23648269.09
2750,0.000648148,0.015,0.015648148,1.992384102,8467.632435,0.033163261,22930875,,23692757.98
2755,0.000648148,0.015,0.015648148,1.992384102,8467.632435,0.033163261,22972567.5,,23737247.93
2760,0.000648148,0.015,0.015648148,1.992384102,8467.632435,0.033163261,23014260,,23781737.88
2765,0.000648148,0.015,0.015648148,1.992384102,8467.632435,0.033163261,23055952.5,,23826227.83
2770,0.000648148,0.015,0.015648148,1.992384102,8467.632435,0.033163261,23097645,,23870717.78
2775,0.000648148,0.015,0.015648148,1.992384102,8467.632435,0.033163261,23139337.5,,23915207.73
2780,0.000648148,0.015,0.015648148,1.992384102,8467.632435,0.033163261,23181030,,23959697.68
2785,0.000648148,0.015,0.015648148,1.992384102,8467.632435,0.033163261,23222722.5,,24004187.63
2790,0.000648148,0.015,0.015648148,1.992384102,8467.632435,0.033163261,23264415,,24048677.58
2795,0.000648148,0.015,0.015648148,1.992384102,8467.632435,0.033163261,23306107.5,,24093167.53
2800,0.000648148,0.015,0.015648148,1.992384102,8467.632435,0.033163261,23347800,,24137657.48
2805,0.000648148,0.015,0.015648148,1.992384102,8467.632435,0.033163261,23389492.5,,24182147.43
2810,0.000648148,0.015,0.015648148,1.992384102,8467.632435,0.033163261,23431185,,24226637.38
2815,0.000648148,0.015,0.015648148,1.992384102,8467.632435,0.033163261,23472877.5,,24271127.33
2820,0.000648148,0.015,0.015648148,1.992384102,8467.632435,0.033163261,23514570,,24315617.28
2825,0.000648148,0.015,0.015648148,1.992384102,8467.632435,0.033163261,23556262.5,,24360107.23
2830,0.000648148,0.015,0.015648148,1.992384102,8467.632435,0.033163261,23597955,,24404597.18
2835,0.000648148,0.015,0.015648148,1.992384102,8467.632435,0.033163261,23639647.5,,24449087.13
2840,0.000648148,0.015,0.015648148,1.992384102,8467.632435,0.033163261,23681340,,24493577.07
2845,0.000648148,0.015,0.015648148,1.992384102,8467.632435,0.033163261,23723032.5,,24538067.02
2850,0.000648148,0.015,0.015648148,1.992384102,8467.632435,0.033163261,23764725,,24582556.97
2855,0.000648148,0.015,0.015648148,1.992384102,8467.632435,0.033163261,23806417.5,,24627046.92
2860,0.000648148,0.015,0.015648148,1.992384102,8467.632435,0.033163261,23848110,,24671536.87
2865,0.000648148,0.015,0.015648148,1.992384102,8467.632435,0.033163261,23889802.5,,24716026.82
2870,0.000648148,0.015,0.015648148,1.992384102,8467.632435,0.033163261,23931495,,24760516.77
2875,0.000648148,0.015,0.015648148,1.992384102,8467.632435,0.033163261,23973187.5,,24805006.72
2880,0.000648148,0.015,0.015648148,1.992384102,8467.632435,0.033163261,24014880,,24849496.67
2885,0.000648148,0.015,0.015648148,1.992384102,8467.632435,0.033163261,24056572.5,,24893986.62
2890,0.000648148,0.015,0.015648148,1.992384102,8467.632435,0.033163261,24098265,,24938476.57
2895,0.000648148,0.015,0.015648148,1.992384102,8467.632435,0.033163261,24139957.5,,24982966.52
2900,0.000648148,0.015,0.015648148,1.992384102,8467.632435,0.033163261,24181650,,25027456.47
2905,0.000648148,0.015,0.015648148,1.992384102,8467.632435,0.033163261,24223342.5,,25071946.42
2910,0.000648148,0.015,0.015648148,1.992384102,8467.632435,0.033163261,24265035,,25116436.37
2915,0.000648148,0.015,0.015648148,1.992384102,8467.632435,0.033163261,24306727.5,,25160926.32
2920,0.000648148,0.015,0.015648148,1.992384102,8467.632435,0.033163261,24348420,,25205416.27
2925,0.000648148,0.015,0.015648148,1.992384102,8467.632435,0.033163261,24390112.5,,25249906.22
2930,0.000648148,0.015,0.015648148,1.992384102,8467.632435,0.033163261,24431805,,25294396.17
2935,0.000648148,0.015,0.015648148,1.992384102,8467.632435,0.033163261,24473497.5,,25338886.12
2940,0.000648148,0.015,0.015648148,1.992384102,8467.632435,0.033163261,24515190,,25383376.07
2945,0.000648148,0.015,0.015648148,1.992384102,8467.632435,0.033163261,24556882.5,,25427866.02
2950,0.000648148,0.015,0.015648148,1.992384102,8467.632435,0.033163261,24598575,,25472355.97
2955,0.000648148,0.015,0.015648148,1.992384102,8467.632435,0.033163261,24640267.5,,25516845.92
2960,0.000648148,0.015,0.015648148,1.992384102,8467.632435,0.033163261,24681960,,25561335.87
2965,0.000648148,0.015,0.015648148,1.992384102,8467.632435,0.033163261,24723652.5,,25605825.82
2970,0.000648148,0.015,0.015648148,1.992384102,8467.632435,0.033163261,24765345,,25650315.77
2975,0.000648148,0.015,0.015648148,1.992384102,8467.632435,0.033163261,24807037.5,,25694805.72
2980,0.000648148,0.015,0.015648148,1.992384102,8467.632435,0.033163261,24848730,,25739295.67
2985,0.000648148,0.015,0.015648148,1.992384102,8467.632435,0.033163261,24890422.5,,25783785.62
2990,0.000648148,0.015,0.015648148,1.992384102,8467.632435,0.033163261,24932115,,25828275.57
2995,0.000648148,0.015,0.015648148,1.992384102,8467.632435,0.033163261,24973807.5,,25872765.52
3000,0.000648148,0.015,0.015648148,1.992384102,8467.632435,0.033163261,25015500,,25917255.47
3005,0.000648148,0.015,0.015648148,1.992384102,8467.632435,0.033163261,25057192.5,,25961745.42
3010,0.000648148,0.015,0.015648148,1.992384102,8467.632435,0.033163261,25098885,,26006235.37
3015,0.000648148,0.015,0.015648148,1.992384102,8467.632435,0.033163261,25140577.5,,26050725.32
3020,0.000648148,0.015,0.015648148,1.992384102,8467.632435,0.033163261,25182270,,26095215.27
3025,0.000648148,0.015,0.015648148,1.992384102,8467.632435,0.033163261,25223962.5,,26139705.22
3030,0.000648148,0.015,0.015648148,1.992384102,8467.632435,0.033163261,25265655,,26184195.17
3035,0.000648148,0.015,0.015648148,1.992384102,8467.632435,0.033163261,25307347.5,,26228685.11
3040,0.000648148,0.015,0.015648148,1.992384102,8467.632435,0.033163261,25349040,,26273175.06
3045,0.000648148,0.015,0.015648148,1.992384102,8467.632435,0.033163261,25390732.5,,26317665.01
3050,0.000648148,0.015,0.015648148,1.992384102,8467.632435,0.033163261,25432425,,26362154.96
3055,0.000648148,0.015,0.015648148,1.992384102,8467.632435,0.033163261,25474117.5,,26406644.91
3060,0.000648148,0.015,0.015648148,1.992384102,8467.632435,0.033163261,25515810,,26451134.86
3065,0.000648148,0.015,0.015648148,1.992384102,8467.632435,0.033163261,25557502.5,,26495624.81
3070,0.000648148,0.015,0.015648148,1.992384102,8467.632435,0.033163261,25599195,,26540114.76
3075,0.000648148,0.015,0.015648148,1.992384102,8467.632435,0.033163261,25640887.5,,26584604.71
3080,0.000648148,0.015,0.015648148,1.992384102,8467.632435,0.033163261,25682580,,26629094.66
3085,0.000648148,0.015,0.015648148,1.992384102,8467.632435,0.033163261,25724272.5,,26673584.61
3090,0.000648148,0.015,0.015648148,1.992384102,8467.632435,0.033163261,25765965,,26718074.56
3095,0.000648148,0.015,0.015648148,1.992384102,8467.632435,0.033163261,25807657.5,,26762564.51
3100,0.000648148,0.015,0.015648148,1.992384102,8467.632435,0.033163261,25849350,,26807054.46
3105,0.000648148,0.015,0.015648148,1.992384102,8467.632435,0.033163261,25891042.5,,26851544.41
3110,0.000648148,0.015,0.015648148,1.992384102,8467.632435,0.033163261,25932735,,26896034.36
3115,0.000648148,0.015,0.015648148,1.992384102,8467.632435,0.033163261,25974427.5,,26940524.31
3120,0.000648148,0.015,0.015648148,1.992384102,8467.632435,0.033163261,26016120,,26985014.26
3125,0.000648148,0.015,0.015648148,1.992384102,8467.632435,0.033163261,26057812.5,,27029504.21
3130,0.000648148,0.015,0.015648148,1.992384102,8467.632435,0.033163261,26099505,,27073994.16
3135,0.000648148,0.015,0.015648148,1.992384102,8467.632435,0.033163261,26141197.5,,27118484.11
3140,0.000648148,0.015,0.015648148,1.992384102,8467.632435,0.033163261,26182890,,27162974.06
3145,0.000648148,0.015,0.015648148,1.992384102,8467.632435,0.033163261,26224582.5,,27207464.01
3150,0.000648148,0.015,0.015648148,1.992384102,8467.632435,0.033163261,26266275,,27251953.96
3155,0.000648148,0.015,0.015648148,1.992384102,8467.632435,0.033163261,26307967.5,,27296443.91
3160,0.000648148,0.015,0.015648148,1.992384102,8467.632435,0.033163261,26349660,,27340933.86
3165,0.000648148,0.015,0.015648148,1.992384102,8467.632435,0.033163261,26391352.5,,27385423.81
3170,0.000648148,0.015,0.015648148,1.992384102,8467.632435,0.033163261,26433045,,27429913.76
3175,0.000648148,0.015,0.015648148,1.992384102,8467.632435,0.033163261,26474737.5,,27474403.71
3180,0.000648148,0.015,0.015648148,1.992384102,8467.632435,0.033163261,26516430,,27518893.66
3185,0.000648148,0.015,0.015648148,1.992384102,8467.632435,0.033163261,26558122.5,,27563383.61
3190,0.000648148,0.015,0.015648148,1.992384102,8467.632435,0.033163261,26599815,,27607873.56
3195,0.000648148,0.015,0.015648148,1.992384102,8467.632435,0.033163261,26641507.5,,27652363.51
3200,0.000648148,0.015,0.015648148,1.992384102,8467.632435,0.033163261,26683200,,27696853.46
3205,0.000648148,0.015,0.015648148,1.992384102,8467.632435,0.033163261,26724892.5,,27741343.41
3210,0.000648148,0.015,0.015648148,1.992384102,8467.632435,0.033163261,26766585,,27785833.36
3215,0.000648148,0.015,0.015648148,1.992384102,8467.632435,0.033163261,26808277.5,,27830323.31
3220,0.000648148,0.015,0.015648148,1.992384102,8467.632435,0.033163261,26849970,,27874813.26
3225,0.000648148,0.015,0.015648148,1.992384102,8467.632435,0.033163261,26891662.5,,27919303.21
3230,0.000648148,0.015,0.015648148,1.992384102,8467.632435,0.033163261,26933355,,27963793.15
3235,0.000648148,0.015,0.015648148,1.992384102,8467.632435,0.033163261,26975047.5,,28008283.1
3240,0.000648148,0.015,0.015648148,1.992384102,8467.632435,0.033163261,27016740,,28052773.05
3245,0.000648148,0.015,0.015648148,1.992384102,8467.632435,0.033163261,27058432.5,,28097263
3250,0.000648148,0.015,0.015648148,1.992384102,8467.632435,0.033163261,27100125,,28141752.95
3255,0.000648148,0.015,0.015648148,1.992384102,8467.632435,0.033163261,27141817.5,,28186242.9
3260,0.000648148,0.015,0.015648148,1.992384102,8467.632435,0.033163261,27183510,,28230732.85
3265,0.000648148,0.015,0.015648148,1.992384102,8467.632435,0.033163261,27225202.5,,28275222.8
3270,0.000648148,0.015,0.015648148,1.992384102,8467.632435,0.033163261,27266895,,28319712.75
3275,0.000648148,0.015,0.015648148,1.992384102,8467.632435,0.033163261,27308587.5,,28364202.7
3280,0.000648148,0.015,0.015648148,1.992384102,8467.632435,0.033163261,27350280,,28408692.65
3285,0.000648148,0.015,0.015648148,1.992384102,8467.632435,0.033163261,27391972.5,,28453182.6
3290,0.000648148,0.015,0.015648148,1.992384102,8467.632435,0.033163261,27433665,,28497672.55
3295,0.000648148,0.015,0.015648148,1.992384102,8467.632435,0.033163261,27475357.5,,28542162.5
3300,0.000648148,0.015,0.015648148,1.992384102,8467.632435,0.033163261,27517050,,28586652.45
3305,0.000648148,0.015,0.015648148,1.992384102,8467.632435,0.033163261,27558742.5,,28631142.4
3310,0.000648148,0.015,0.015648148,1.992384102,8467.632435,0.033163261,27600435,,28675632.35
3315,0.000648148,0.015,0.015648148,1.992384102,8467.632435,0.033163261,27642127.5,,28720122.3
3320,0.000648148,0.015,0.015648148,1.992384102,8467.632435,0.033163261,27683820,,28764612.25
3325,0.000648148,0.015,0.015648148,1.992384102,8467.632435,0.033163261,27725512.5,,28809102.2
3330,0.000648148,0.015,0.015648148,1.992384102,8467.632435,0.033163261,27767205,,28853592.15
3335,0.000648148,0.015,0.015648148,1.992384102,8467.632435,0.033163261,27808897.5,,28898082.1
3340,0.000648148,0.015,0.015648148,1.992384102,8467.632435,0.033163261,27850590,,28942572.05
3345,0.000648148,0.015,0.015648148,1.992384102,8467.632435,0.033163261,27892282.5,,28987062
3350,0.000648148,0.015,0.015648148,1.992384102,8467.632435,0.033163261,27933975,,29031551.95
3355,0.000648148,0.015,0.015648148,1.992384102,8467.632435,0.033163261,27975667.5,,29076041.9
3360,0.000648148,0.015,0.015648148,1.992384102,8467.632435,0.033163261,28017360,,29120531.85
3365,0.000648148,0.015,0.015648148,1.992384102,8467.632435,0.033163261,28059052.5,,29165021.8
3370,0.000648148,0.015,0.015648148,1.992384102,8467.632435,0.033163261,28100745,,29209511.75
3375,0.000648148,0.015,0.015648148,1.992384102,8467.632435,0.033163261,28142437.5,,29254001.7
3380,0.000648148,0.015,0.015648148,1.992384102,8467.632435,0.033163261,28184130,,29298491.65
3385,0.000648148,0.015,0.015648148,1.992384102,8467.632435,0.033163261,28225822.5,,29342981.6
3390,0.000648148,0.015,0.015648148,1.992384102,8467.632435,0.033163261,28267515,,29387471.55
3395,0.000648148,0.015,0.015648148,1.992384102,8467.632435,0.033163261,28309207.5,,29431961.5
3400,0.000648148,0.015,0.015648148,1.992384102,8467.632435,0.033163261,28350900,,29476451.45
